DROP DATABASE IF EXISTS vk;
CREATE DATABASE vk;
USE vk;

DROP TABLE IF EXISTS users;
CREATE TABLE users (
	id BIGINT UNSIGNED NOT NULL AUTO_INCREMENT PRIMARY KEY, 
    firstname VARCHAR(50),
    lastname VARCHAR(50) COMMENT 'Фамилия', -- COMMENT на случай, если имя неочевидное
    email VARCHAR(120) UNIQUE,
 	password_hash VARCHAR(100), -- 123456 => vzx;clvgkajrpo9udfxvsldkrn24l5456345t
	phone BIGINT UNSIGNED UNIQUE, 
	
    INDEX users_firstname_lastname_idx(firstname, lastname)
) COMMENT 'юзеры';


DROP TABLE IF EXISTS messages;
CREATE TABLE messages (
	id SERIAL, -- SERIAL = BIGINT UNSIGNED NOT NULL AUTO_INCREMENT UNIQUE
	from_user_id BIGINT UNSIGNED NOT NULL,
    to_user_id BIGINT UNSIGNED NOT NULL,
    body TEXT,
    created_at DATETIME DEFAULT NOW(), -- можно будет даже не упоминать это поле при вставке

    FOREIGN KEY (from_user_id) REFERENCES users(id),
    FOREIGN KEY (to_user_id) REFERENCES users(id)
);



DROP TABLE IF EXISTS likes_messages;
CREATE TABLE likes_messages(
	id SERIAL,
    user_id BIGINT UNSIGNED NOT NULL,
    message_id BIGINT UNSIGNED NOT NULL,
    created_at DATETIME DEFAULT NOW(),
    FOREIGN KEY (user_id) REFERENCES users(id),
    FOREIGN KEY (message_id) REFERENCES messages(id)
);



DROP TABLE IF EXISTS friend_requests;
CREATE TABLE friend_requests (
	-- id SERIAL, -- изменили на составной ключ (initiator_user_id, target_user_id)
	initiator_user_id BIGINT UNSIGNED NOT NULL,
    target_user_id BIGINT UNSIGNED NOT NULL,
    `status` ENUM('requested', 'approved', 'declined', 'unfriended'),
    -- `status` TINYINT(1) UNSIGNED, -- в этом случае в коде хранили бы цифирный enum (0, 1, 2, 3...)
	requested_at DATETIME DEFAULT NOW(),
	updated_at DATETIME ON UPDATE CURRENT_TIMESTAMP, -- можно будет даже не упоминать это поле при обновлении
	
    PRIMARY KEY (initiator_user_id, target_user_id),
    FOREIGN KEY (initiator_user_id) REFERENCES users(id),
    FOREIGN KEY (target_user_id) REFERENCES users(id)-- ,
    -- CHECK (initiator_user_id <> target_user_id)
);



-- чтобы пользователь сам себе не отправил запрос в друзья
ALTER TABLE friend_requests 
ADD CHECK(initiator_user_id <> target_user_id);



DROP TABLE IF EXISTS communities;
CREATE TABLE communities(
	id SERIAL,
	name VARCHAR(150) UNIQUE,
	admin_user_id BIGINT UNSIGNED NOT NULL,
	
	INDEX communities_name_idx(name, id),
	foreign key (admin_user_id) references users(id)
);



DROP TABLE IF EXISTS users_communities;
CREATE TABLE users_communities(
	user_id BIGINT UNSIGNED NOT NULL,
	community_id BIGINT UNSIGNED NOT NULL,
  
	PRIMARY KEY (user_id, community_id), 
    FOREIGN KEY (user_id) REFERENCES users(id),
    FOREIGN KEY (community_id) REFERENCES communities(id)
);



DROP TABLE IF EXISTS media_types;
CREATE TABLE media_types(
	id SERIAL,
    name VARCHAR(255), 
    created_at DATETIME DEFAULT NOW(),
    updated_at DATETIME ON UPDATE CURRENT_TIMESTAMP
);



DROP TABLE IF EXISTS media;
CREATE TABLE media(
	id SERIAL,
    media_type_id BIGINT UNSIGNED NOT NULL,
    user_id BIGINT UNSIGNED NOT NULL,
  	body text,
    filename VARCHAR(255),
    -- file blob,    	
    size INT,
	metadata JSON,
    created_at DATETIME DEFAULT NOW(),
    updated_at DATETIME ON UPDATE CURRENT_TIMESTAMP,

    FOREIGN KEY (user_id) REFERENCES users(id),
    FOREIGN KEY (media_type_id) REFERENCES media_types(id)
);



DROP TABLE IF EXISTS likes_media;
CREATE TABLE likes_media(
	id SERIAL,
    user_id BIGINT UNSIGNED NOT NULL,
    media_id BIGINT UNSIGNED NOT NULL,
    created_at DATETIME DEFAULT NOW(),
    FOREIGN KEY (user_id) REFERENCES users(id),
    FOREIGN KEY (media_id) REFERENCES media_types(id)
);


DROP TABLE IF EXISTS `photo_albums`;
CREATE TABLE `photo_albums` (
	`id` SERIAL,
	`name` varchar(255) DEFAULT NULL,
    `user_id` BIGINT UNSIGNED DEFAULT NULL,

    FOREIGN KEY (user_id) REFERENCES users(id),
  	PRIMARY KEY (`id`)
);



DROP TABLE IF EXISTS `photos`;
CREATE TABLE `photos` (
	id SERIAL,
	`album_id` BIGINT unsigned NULL,
	`media_id` BIGINT unsigned NOT NULL,

	FOREIGN KEY (album_id) REFERENCES photo_albums(id),
    FOREIGN KEY (media_id) REFERENCES media(id)
);



DROP TABLE IF EXISTS `profiles`;
CREATE TABLE `profiles` (
	user_id BIGINT UNSIGNED NOT NULL UNIQUE,
    gender CHAR(1),
    birthday DATE,
	photo_id BIGINT UNSIGNED NULL,
    created_at DATETIME DEFAULT NOW(),
    hometown VARCHAR(100),
	foreign key (photo_id) references photos(id)
);



ALTER TABLE `profiles` ADD CONSTRAINT fk_user_id
    FOREIGN KEY (user_id) REFERENCES users(id)
    ON UPDATE CASCADE -- (значение по умолчанию)
    ON DELETE RESTRICT; -- (значение по умолчанию)
    
    
    DROP TABLE IF EXISTS likes_profile;
CREATE TABLE likes_profile(
	id SERIAL,
    user_id BIGINT UNSIGNED NOT NULL,
    profile_id BIGINT UNSIGNED NOT NULL,
    created_at DATETIME DEFAULT NOW(),
    FOREIGN KEY (user_id) REFERENCES users(id),
    FOREIGN KEY (profile_id) REFERENCES profiles(user_id)
);

INSERT INTO `users` (`id`, `firstname`, `lastname`, `email`, `password_hash`, `phone`) VALUES ('201', 'Sylvia', 'Stark', 'ksmitham@example.org', '87a2162563a343a55467be0df93be708639383cf', '408524');
INSERT INTO `users` (`id`, `firstname`, `lastname`, `email`, `password_hash`, `phone`) VALUES ('202', 'Mariela', 'Goldner', 'camille.hintz@example.org', '3ee39f27eb187d78594677e06837a304ccba5343', '0');
INSERT INTO `users` (`id`, `firstname`, `lastname`, `email`, `password_hash`, `phone`) VALUES ('204', 'Trevor', 'Grant', 'ebartell@example.org', '4e89e6d87997b1386c40e9f0adc30236d7a91bf8', '1');
INSERT INTO `users` (`id`, `firstname`, `lastname`, `email`, `password_hash`, `phone`) VALUES ('205', 'Porter', 'Mann', 'fschamberger@example.org', '20f4a8c0a22db1efbf90a2e385fd9d7efe509e78', '9');
INSERT INTO `users` (`id`, `firstname`, `lastname`, `email`, `password_hash`, `phone`) VALUES ('206', 'Yvette', 'Mitchell', 'iabshire@example.net', 'ca19c1ae42e1a2478b7835d77c40d7b6094c4a50', '855');
INSERT INTO `users` (`id`, `firstname`, `lastname`, `email`, `password_hash`, `phone`) VALUES ('209', 'Unique', 'Lowe', 'emorissette@example.org', '15867e9c5efb95026971b39ef40d2770806c2512', '286384');
INSERT INTO `users` (`id`, `firstname`, `lastname`, `email`, `password_hash`, `phone`) VALUES ('211', 'Tristian', 'Mitchell', 'rasheed.o\'kon@example.org', 'd9bf9acd49165cb5525f5937893344d9d98eb2d2', '285');
INSERT INTO `users` (`id`, `firstname`, `lastname`, `email`, `password_hash`, `phone`) VALUES ('213', 'Harvey', 'Lynch', 'susanna.o\'hara@example.com', '8686f491ac62ab1064a46d3031fdaab1606eac83', '113500');
INSERT INTO `users` (`id`, `firstname`, `lastname`, `email`, `password_hash`, `phone`) VALUES ('214', 'Antwon', 'Nienow', 'leonor25@example.com', 'a587cffbb8b09335f1f135e703db2bd3cd554638', '57');
INSERT INTO `users` (`id`, `firstname`, `lastname`, `email`, `password_hash`, `phone`) VALUES ('216', 'Gregory', 'Hoppe', 'vdaugherty@example.com', '8f0b213dc9ea04eb51d31c69e067cfef4440c176', '7519645454');
INSERT INTO `users` (`id`, `firstname`, `lastname`, `email`, `password_hash`, `phone`) VALUES ('217', 'Lexie', 'Crist', 'alexandria.wehner@example.net', 'fbefd0b0d91121dffe96ac2fc55aeedfd5a30b2a', '724766');
INSERT INTO `users` (`id`, `firstname`, `lastname`, `email`, `password_hash`, `phone`) VALUES ('218', 'Juvenal', 'Hirthe', 'samir.o\'keefe@example.org', 'f9b34705454f414521efa9f9925ec3b64b9aaaf7', '5114967655');
INSERT INTO `users` (`id`, `firstname`, `lastname`, `email`, `password_hash`, `phone`) VALUES ('219', 'Annetta', 'Deckow', 'omorar@example.org', 'c2db98f1d4679a39b172c67017972d864a263075', '594');
INSERT INTO `users` (`id`, `firstname`, `lastname`, `email`, `password_hash`, `phone`) VALUES ('221', 'Peter', 'Kuhn', 'bridgette81@example.org', '86a554b3f0b867afbf5e93eec1c319c378b606d2', '395257');
INSERT INTO `users` (`id`, `firstname`, `lastname`, `email`, `password_hash`, `phone`) VALUES ('222', 'Anika', 'Strosin', 'huels.randy@example.com', '714d4e22349d4c08aff3115635f7943ab9bfe184', '1754945926');
INSERT INTO `users` (`id`, `firstname`, `lastname`, `email`, `password_hash`, `phone`) VALUES ('223', 'Lizzie', 'Jakubowski', 'rschimmel@example.com', 'b8acdef67721594db1e380cf2b3167bb515bec45', '896');
INSERT INTO `users` (`id`, `firstname`, `lastname`, `email`, `password_hash`, `phone`) VALUES ('226', 'Rubie', 'Ruecker', 'makayla.dicki@example.com', 'df50dbb0f397a86cd365c52f56c9c0cbda271154', '937');
INSERT INTO `users` (`id`, `firstname`, `lastname`, `email`, `password_hash`, `phone`) VALUES ('227', 'Ashlee', 'Hand', 'cole.colin@example.net', '57b1f1ea0258ddd8a43cd0631cbc317e0a153226', '456');
INSERT INTO `users` (`id`, `firstname`, `lastname`, `email`, `password_hash`, `phone`) VALUES ('228', 'Evelyn', 'Zemlak', 'von.jonathon@example.org', 'c5b71c28154326a49d72771fc6779f9b0c3421a9', '208');
INSERT INTO `users` (`id`, `firstname`, `lastname`, `email`, `password_hash`, `phone`) VALUES ('230', 'Murray', 'Reilly', 'marques.roberts@example.org', '2e8a0e70d997028031c191440068c095102c03f7', '355');
INSERT INTO `users` (`id`, `firstname`, `lastname`, `email`, `password_hash`, `phone`) VALUES ('231', 'Santino', 'Brown', 'weston81@example.org', '98404f25f082b01bfc5c98cea715a06004806410', '12429');
INSERT INTO `users` (`id`, `firstname`, `lastname`, `email`, `password_hash`, `phone`) VALUES ('232', 'Llewellyn', 'Heidenreich', 'deanna22@example.com', 'b4548816f34d3ce1f3fd57c1914acef59a4210e8', '781');
INSERT INTO `users` (`id`, `firstname`, `lastname`, `email`, `password_hash`, `phone`) VALUES ('233', 'Deondre', 'Reichel', 'jerde.dessie@example.net', 'efc5ad7811e7963230f5b4dd933fdaf8bba40bb8', '407');
INSERT INTO `users` (`id`, `firstname`, `lastname`, `email`, `password_hash`, `phone`) VALUES ('237', 'Armand', 'Heidenreich', 'clementina.predovic@example.net', 'bac08204d81d1a435b97a6ba5b1da730a82c961a', '70');
INSERT INTO `users` (`id`, `firstname`, `lastname`, `email`, `password_hash`, `phone`) VALUES ('238', 'Gregoria', 'Bode', 'marco60@example.com', '62036f1199526492a4575f20c3efc5b1ebe1cbb1', '726116');
INSERT INTO `users` (`id`, `firstname`, `lastname`, `email`, `password_hash`, `phone`) VALUES ('240', 'Norwood', 'Hickle', 'cgreenholt@example.net', '929a3d8c98576ec7ce4b22a1e77d94b16d85e220', '27922');
INSERT INTO `users` (`id`, `firstname`, `lastname`, `email`, `password_hash`, `phone`) VALUES ('241', 'Nick', 'Schultz', 'loma67@example.org', '08f7d15d2be6132ac53d58f9e1308850c17cde7b', '909446');
INSERT INTO `users` (`id`, `firstname`, `lastname`, `email`, `password_hash`, `phone`) VALUES ('242', 'Bradford', 'Collier', 'bernita.bode@example.net', '6308a4cc08ac5d16964e3cd78934b102d674d57f', '469');
INSERT INTO `users` (`id`, `firstname`, `lastname`, `email`, `password_hash`, `phone`) VALUES ('243', 'Hildegard', 'Herzog', 'jpurdy@example.com', '52c1be487caec861760ec63717155be565d5b7f2', '8647982015');
INSERT INTO `users` (`id`, `firstname`, `lastname`, `email`, `password_hash`, `phone`) VALUES ('246', 'Cary', 'Blanda', 'wemard@example.net', '8bdd23ba9ad76d9a4a90cfe503bdf286ff391865', '718062');
INSERT INTO `users` (`id`, `firstname`, `lastname`, `email`, `password_hash`, `phone`) VALUES ('247', 'Adan', 'Oberbrunner', 'baumbach.monica@example.org', '49adf4773eb9bc99f2678d8cd203bc10fca391ac', '75');
INSERT INTO `users` (`id`, `firstname`, `lastname`, `email`, `password_hash`, `phone`) VALUES ('251', 'Judah', 'Willms', 'queenie.jacobs@example.org', '240971b02ad8681c36400620648db60b755891e6', '492292');
INSERT INTO `users` (`id`, `firstname`, `lastname`, `email`, `password_hash`, `phone`) VALUES ('252', 'Rey', 'Bosco', 'hosea.beier@example.com', 'e1455bd2342a782deb3a52710e41ef2e6264cbcd', '632713');
INSERT INTO `users` (`id`, `firstname`, `lastname`, `email`, `password_hash`, `phone`) VALUES ('255', 'Jay', 'Howell', 'elyse.johns@example.net', 'c05b4ce98ff28cf3ba0092eb5e13117cb6ee70cd', '84');
INSERT INTO `users` (`id`, `firstname`, `lastname`, `email`, `password_hash`, `phone`) VALUES ('256', 'Laura', 'Anderson', 'kailyn.purdy@example.org', '9bf4e0aa7a49286553c06c6c5f1a9566527ad6c1', '6053812337');
INSERT INTO `users` (`id`, `firstname`, `lastname`, `email`, `password_hash`, `phone`) VALUES ('258', 'Verla', 'Hirthe', 'penelope26@example.net', 'ed1f6576aa7cdee3600f85d06e5f7d92479261ca', '94');
INSERT INTO `users` (`id`, `firstname`, `lastname`, `email`, `password_hash`, `phone`) VALUES ('259', 'Wellington', 'Murphy', 'domenico.schmeler@example.net', '4417a17358ff1176c8ade0b5cd13cb1a948408e0', '185');
INSERT INTO `users` (`id`, `firstname`, `lastname`, `email`, `password_hash`, `phone`) VALUES ('262', 'Monserrate', 'Denesik', 'homenick.verona@example.org', '61ec15a3810ffc7520797b0c07520a8d4edb3a67', '62');
INSERT INTO `users` (`id`, `firstname`, `lastname`, `email`, `password_hash`, `phone`) VALUES ('263', 'Melyssa', 'Bahringer', 'raquel28@example.net', 'd2cc82597fbb4062b0d42624e80bf86f09459dff', '172571');
INSERT INTO `users` (`id`, `firstname`, `lastname`, `email`, `password_hash`, `phone`) VALUES ('265', 'Griffin', 'Langworth', 'o\'conner.coby@example.org', '4c02fda5874ea27498ec2c1ab0dba49b17d23ca4', '887');
INSERT INTO `users` (`id`, `firstname`, `lastname`, `email`, `password_hash`, `phone`) VALUES ('267', 'Abraham', 'Lebsack', 'rmiller@example.com', 'db22376ca1ad6278c5498919f5adc6e0dbc8b2d0', '379');
INSERT INTO `users` (`id`, `firstname`, `lastname`, `email`, `password_hash`, `phone`) VALUES ('270', 'Kim', 'Kutch', 'chasity.beahan@example.net', '600990587813c0998bb0ee495080930262492382', '35');
INSERT INTO `users` (`id`, `firstname`, `lastname`, `email`, `password_hash`, `phone`) VALUES ('271', 'Heber', 'O\'Hara', 'connelly.edward@example.com', '869d555ff5c4cd98cbfa72bd11a8eb80465d732e', '13505');
INSERT INTO `users` (`id`, `firstname`, `lastname`, `email`, `password_hash`, `phone`) VALUES ('272', 'Mason', 'McLaughlin', 'langworth.lauren@example.net', 'cffec6c073074b9a604b04a96cd848ca85a67123', '48');
INSERT INTO `users` (`id`, `firstname`, `lastname`, `email`, `password_hash`, `phone`) VALUES ('279', 'Harvey', 'Ziemann', 'lizeth86@example.org', '3fe86f262ad7982027e06589d4f9272634374fbc', '9147580651');
INSERT INTO `users` (`id`, `firstname`, `lastname`, `email`, `password_hash`, `phone`) VALUES ('280', 'Kasey', 'Sawayn', 'delaney.dickinson@example.org', 'faf33105e1abcaf12a20fd49cfec01c719eb2cbf', '192');
INSERT INTO `users` (`id`, `firstname`, `lastname`, `email`, `password_hash`, `phone`) VALUES ('281', 'Megane', 'Kris', 'annetta.mcglynn@example.com', '328a8f071ee3adcfbb72808d344eed06e2800dfa', '352');
INSERT INTO `users` (`id`, `firstname`, `lastname`, `email`, `password_hash`, `phone`) VALUES ('282', 'Armani', 'Borer', 'langosh.sabryna@example.org', 'ee3ee0388cedb31c497341c60422b2e18acc20b1', '9187683006');
INSERT INTO `users` (`id`, `firstname`, `lastname`, `email`, `password_hash`, `phone`) VALUES ('283', 'Angel', 'Gutkowski', 'vgusikowski@example.com', '972c25222bf58ab5b1bfcff9e86f806339664568', '649035');
INSERT INTO `users` (`id`, `firstname`, `lastname`, `email`, `password_hash`, `phone`) VALUES ('284', 'Carissa', 'Parisian', 'smith.annamae@example.com', '4dfb82a8fe5d0b5f3f1c7a4c6f4998023263f02e', '34');
INSERT INTO `users` (`id`, `firstname`, `lastname`, `email`, `password_hash`, `phone`) VALUES ('285', 'Dayton', 'Monahan', 'jane36@example.net', 'cd3b2b683f7e5e05ef7cd6c0960e8ec26d11a144', '705856');
INSERT INTO `users` (`id`, `firstname`, `lastname`, `email`, `password_hash`, `phone`) VALUES ('288', 'Sedrick', 'Kiehn', 'elva66@example.com', 'b804a70093f23df984ca22e1c81523941b1ea253', '262555');
INSERT INTO `users` (`id`, `firstname`, `lastname`, `email`, `password_hash`, `phone`) VALUES ('289', 'Rickey', 'Hauck', 'xwaelchi@example.org', 'dc35d18a47a391dbc26cdb1c27eb50ca36a7ce12', '697');
INSERT INTO `users` (`id`, `firstname`, `lastname`, `email`, `password_hash`, `phone`) VALUES ('290', 'Kacie', 'Barton', 'myra.wiegand@example.net', '25039ee10b135f35106f90e608a8814f5adad235', '858544');
INSERT INTO `users` (`id`, `firstname`, `lastname`, `email`, `password_hash`, `phone`) VALUES ('291', 'Gerald', 'Halvorson', 'hillary.corkery@example.net', 'f87ccb5e7790e53611de049d52d7fd0eb32b732f', '464494651');
INSERT INTO `users` (`id`, `firstname`, `lastname`, `email`, `password_hash`, `phone`) VALUES ('292', 'Alyson', 'Koch', 'gideon88@example.com', '717812bc5bf2046c2008d35c843a3309788763b6', '195');
INSERT INTO `users` (`id`, `firstname`, `lastname`, `email`, `password_hash`, `phone`) VALUES ('296', 'Arianna', 'Terry', 'roselyn05@example.net', '3d3a1ddd69c431c1974b930a8c5d402288867468', '533');
INSERT INTO `users` (`id`, `firstname`, `lastname`, `email`, `password_hash`, `phone`) VALUES ('298', 'Rosella', 'Monahan', 'gabriella27@example.org', '99a667a11c9b35fa35637196d43df03453522efe', '914');
INSERT INTO `users` (`id`, `firstname`, `lastname`, `email`, `password_hash`, `phone`) VALUES ('299', 'Andreanne', 'Schiller', 'witting.adrien@example.org', '76aea025ec9270578c1bab4ea99bd9c7ba3de147', '883');
INSERT INTO `users` (`id`, `firstname`, `lastname`, `email`, `password_hash`, `phone`) VALUES ('300', 'Creola', 'McCullough', 'reginald95@example.org', 'aa4887c11832f6c50e952a171a437d10736b3d80', '107987');
INSERT INTO `users` (`id`, `firstname`, `lastname`, `email`, `password_hash`, `phone`) VALUES ('301', 'Alaina', 'Oberbrunner', 'iliana.ebert@example.net', '33a64305407deb53aaf15d0c8a3f59804ca37a44', '880');
INSERT INTO `users` (`id`, `firstname`, `lastname`, `email`, `password_hash`, `phone`) VALUES ('302', 'Ena', 'Stracke', 'corwin.jermain@example.net', '1dd45b30169168b9ff855d0202053d12383f9ee3', '700751');
INSERT INTO `users` (`id`, `firstname`, `lastname`, `email`, `password_hash`, `phone`) VALUES ('303', 'Fanny', 'Abernathy', 'federico93@example.net', '521fa08ffa5915d0850d539850c310c36970b57a', '277266');
INSERT INTO `users` (`id`, `firstname`, `lastname`, `email`, `password_hash`, `phone`) VALUES ('304', 'Soledad', 'Hammes', 'qrippin@example.net', '20dc049c0d8682fe3ad8fc2649fc571845481ed4', '6357845035');
INSERT INTO `users` (`id`, `firstname`, `lastname`, `email`, `password_hash`, `phone`) VALUES ('309', 'Bulah', 'Williamson', 'triston.moen@example.com', '4acaa9b75d37b4d8e29710ccb50f3406c7d055b4', '869');
INSERT INTO `users` (`id`, `firstname`, `lastname`, `email`, `password_hash`, `phone`) VALUES ('310', 'Anais', 'Renner', 'green70@example.org', '46752bec2e8e1667fae8675ceaf92eb3154ecfea', '379229');
INSERT INTO `users` (`id`, `firstname`, `lastname`, `email`, `password_hash`, `phone`) VALUES ('313', 'Enid', 'McLaughlin', 'micaela34@example.net', 'e72bd4279785cae2e66bdcebc13e0d3ebec13442', '932');
INSERT INTO `users` (`id`, `firstname`, `lastname`, `email`, `password_hash`, `phone`) VALUES ('314', 'Hilma', 'Gutmann', 'jayson.rau@example.com', '9ffbdd0c32fc5878f850f5a5a2afb9a7e9bee0a1', '536552');
INSERT INTO `users` (`id`, `firstname`, `lastname`, `email`, `password_hash`, `phone`) VALUES ('315', 'Elmer', 'Luettgen', 'rkohler@example.net', '8c5f4c67e118981c2c78890395ee48938ca9f052', '6731240060');
INSERT INTO `users` (`id`, `firstname`, `lastname`, `email`, `password_hash`, `phone`) VALUES ('320', 'Madie', 'Aufderhar', 'waters.jerome@example.org', '7e3d2722652a7c3fb154a5233b2ae8a83e414ed5', '719');
INSERT INTO `users` (`id`, `firstname`, `lastname`, `email`, `password_hash`, `phone`) VALUES ('321', 'Robyn', 'O\'Kon', 'lhintz@example.net', 'e04c3c303d9bb5402c31e469035cda17458ef28b', '76');
INSERT INTO `users` (`id`, `firstname`, `lastname`, `email`, `password_hash`, `phone`) VALUES ('322', 'Gracie', 'Walker', 'santina.connelly@example.org', '86bf1d20fe652acbf2fdd69da6edf49db0921886', '636269');
INSERT INTO `users` (`id`, `firstname`, `lastname`, `email`, `password_hash`, `phone`) VALUES ('324', 'Lavon', 'Mosciski', 'areilly@example.org', 'd4bb6a1ce4a229a15a5c829df04995486d9f9052', '114');
INSERT INTO `users` (`id`, `firstname`, `lastname`, `email`, `password_hash`, `phone`) VALUES ('325', 'Simone', 'Kunze', 'tony.bartell@example.com', '2f821b945202c001d74449ce41a0e18c0ed4c36d', '9390642297');
INSERT INTO `users` (`id`, `firstname`, `lastname`, `email`, `password_hash`, `phone`) VALUES ('326', 'May', 'Bartell', 'ortiz.neha@example.com', '037fe7d5a3426e474311360b5e7c01cca2976afe', '53');
INSERT INTO `users` (`id`, `firstname`, `lastname`, `email`, `password_hash`, `phone`) VALUES ('327', 'Cordia', 'Nolan', 'henry.armstrong@example.net', '5745d88c8a21f43f4b8f6974095707cd370bc864', '766');
INSERT INTO `users` (`id`, `firstname`, `lastname`, `email`, `password_hash`, `phone`) VALUES ('328', 'Sterling', 'Watsica', 'greg65@example.org', '8cc31d70c2c2765a80c2d571599f65f8c8e6a7ee', '80');
INSERT INTO `users` (`id`, `firstname`, `lastname`, `email`, `password_hash`, `phone`) VALUES ('329', 'Yasmin', 'Grimes', 'nicklaus29@example.com', 'd6aff9f3e219889bf0b2d4abb92940ed319d4c28', '282');
INSERT INTO `users` (`id`, `firstname`, `lastname`, `email`, `password_hash`, `phone`) VALUES ('330', 'Dalton', 'Dach', 'spencer.gregory@example.org', '5e05656fb2c835f0519781bf79e1bea2352ef456', '319');
INSERT INTO `users` (`id`, `firstname`, `lastname`, `email`, `password_hash`, `phone`) VALUES ('334', 'Kane', 'Hansen', 'brandt.ritchie@example.net', '30803c5eb7d15b2e0f0a2aed07dcde16d9776faa', '487');
INSERT INTO `users` (`id`, `firstname`, `lastname`, `email`, `password_hash`, `phone`) VALUES ('335', 'Thaddeus', 'Kilback', 'pdickens@example.net', '0aaac704e6817f73adc819e531046289e06b517b', '90');
INSERT INTO `users` (`id`, `firstname`, `lastname`, `email`, `password_hash`, `phone`) VALUES ('336', 'Guido', 'Gerhold', 'jwiegand@example.net', 'fbb4f3b6f0835020694c60408abb816f1bcc95e3', '9511259368');
INSERT INTO `users` (`id`, `firstname`, `lastname`, `email`, `password_hash`, `phone`) VALUES ('337', 'Onie', 'Strosin', 'linnea.beier@example.org', '9015652c0d96b2488d92503503e45a95abe51d0d', '292');
INSERT INTO `users` (`id`, `firstname`, `lastname`, `email`, `password_hash`, `phone`) VALUES ('340', 'Amber', 'Robel', 'ystiedemann@example.com', 'fb4d29c3e5a2beec1b816fdf913f91d5a076a7c5', '9088303644');
INSERT INTO `users` (`id`, `firstname`, `lastname`, `email`, `password_hash`, `phone`) VALUES ('341', 'Brianne', 'Ratke', 'celestine.parker@example.com', '95b32e9dae8d7f959d819da96498b2b4fcd88298', '910502');
INSERT INTO `users` (`id`, `firstname`, `lastname`, `email`, `password_hash`, `phone`) VALUES ('342', 'Kamille', 'Daniel', 'abernathy.tanner@example.com', '14bc32c0c39bbede66efa86fc59b9f749b8a293d', '608638');
INSERT INTO `users` (`id`, `firstname`, `lastname`, `email`, `password_hash`, `phone`) VALUES ('345', 'Willow', 'Eichmann', 'jerde.valentin@example.org', 'cfd6bdb2a6f25225beeb12f5ea447978c68a1c1d', '9061256796');
INSERT INTO `users` (`id`, `firstname`, `lastname`, `email`, `password_hash`, `phone`) VALUES ('346', 'Wilbert', 'Yundt', 'caleb12@example.org', '06b44670c59711e610cb235ade34b96b8293f5ab', '130');
INSERT INTO `users` (`id`, `firstname`, `lastname`, `email`, `password_hash`, `phone`) VALUES ('348', 'Jimmy', 'Schinner', 'omer50@example.org', '643b20a750c9e19d4affa61d64dec83802aeece2', '779');
INSERT INTO `users` (`id`, `firstname`, `lastname`, `email`, `password_hash`, `phone`) VALUES ('349', 'Brenden', 'Dietrich', 'sboyer@example.com', '71e1128f28b0e418f09ecd4e8ddf9b6fc99696a1', '155');
INSERT INTO `users` (`id`, `firstname`, `lastname`, `email`, `password_hash`, `phone`) VALUES ('351', 'Lon', 'Hermann', 'xzavier26@example.net', '299dba96fb71fc222fda1889062f0a4863fd3092', '7654528693');
INSERT INTO `users` (`id`, `firstname`, `lastname`, `email`, `password_hash`, `phone`) VALUES ('354', 'Lenna', 'Hermann', 'llarkin@example.org', 'f2c40d85300c4775519dc1312ef016e8c64e77cd', '21');
INSERT INTO `users` (`id`, `firstname`, `lastname`, `email`, `password_hash`, `phone`) VALUES ('356', 'Theodora', 'Turcotte', 'mante.ilene@example.org', 'ed7aee76d4e5d0f5eadf3be745548dd5733d3757', '354');
INSERT INTO `users` (`id`, `firstname`, `lastname`, `email`, `password_hash`, `phone`) VALUES ('361', 'Jany', 'Schmitt', 'mccullough.thora@example.net', '99e4857d380f316d51dec6e65a75d3223c6347f0', '427');
INSERT INTO `users` (`id`, `firstname`, `lastname`, `email`, `password_hash`, `phone`) VALUES ('363', 'America', 'Koepp', 'kenyon.becker@example.net', '0be1dfa60c999c889e23431ddeccf8c22740d93c', '813');
INSERT INTO `users` (`id`, `firstname`, `lastname`, `email`, `password_hash`, `phone`) VALUES ('371', 'Ludwig', 'Cummerata', 'murray.reyna@example.net', '525ee9b857cdf537dcc317fd2016c1a25768f4d5', '571961');
INSERT INTO `users` (`id`, `firstname`, `lastname`, `email`, `password_hash`, `phone`) VALUES ('372', 'Alana', 'Rohan', 'dayna.sipes@example.net', '5ac1afd2a4cbceef1b46f492c7b8e10ca9a84037', '690234');
INSERT INTO `users` (`id`, `firstname`, `lastname`, `email`, `password_hash`, `phone`) VALUES ('373', 'Zita', 'Yundt', 'dante.olson@example.org', '022b35152893fe472dd6e2735270442f536c7d04', '870339');
INSERT INTO `users` (`id`, `firstname`, `lastname`, `email`, `password_hash`, `phone`) VALUES ('374', 'Michale', 'Gulgowski', 'bvonrueden@example.com', 'f777f9a2aae3632ac3467bd355d4b6be0fb6352c', '3030746331');
INSERT INTO `users` (`id`, `firstname`, `lastname`, `email`, `password_hash`, `phone`) VALUES ('375', 'Arthur', 'Kovacek', 'serena37@example.net', '45cb5e8ce6799fb26542bd0c3a464a613ca9a260', '4644507034');
INSERT INTO `users` (`id`, `firstname`, `lastname`, `email`, `password_hash`, `phone`) VALUES ('377', 'Hester', 'Gibson', 'webster79@example.net', '1331d5f52aa70d1d0d2d07819135b79fada2285e', '9826747739');
INSERT INTO `users` (`id`, `firstname`, `lastname`, `email`, `password_hash`, `phone`) VALUES ('378', 'Alvis', 'Trantow', 'ariane70@example.org', 'bb8fc223e8782f18d589edb53076e3eef89c915e', '918');
INSERT INTO `users` (`id`, `firstname`, `lastname`, `email`, `password_hash`, `phone`) VALUES ('380', 'Ryleigh', 'Cremin', 'ariel.mayer@example.org', '2065c60cb2284c9702cf7d5405c9f0f4592d5f4b', '568');
INSERT INTO `users` (`id`, `firstname`, `lastname`, `email`, `password_hash`, `phone`) VALUES ('383', 'Mittie', 'Murphy', 'pbartoletti@example.org', 'c0e9e3429f5005b57f9ee8daa2a015283bbd5684', '964665');
INSERT INTO `users` (`id`, `firstname`, `lastname`, `email`, `password_hash`, `phone`) VALUES ('385', 'Maudie', 'Purdy', 'sherman92@example.net', '2869ab0c725e8c7a72f4521a0cbfa5f39190293b', '641804');
INSERT INTO `users` (`id`, `firstname`, `lastname`, `email`, `password_hash`, `phone`) VALUES ('386', 'Delilah', 'Ankunding', 'gutkowski.guadalupe@example.com', 'b6855cc0164f69474e47873d5d87b4a12eae8d74', '231');
INSERT INTO `users` (`id`, `firstname`, `lastname`, `email`, `password_hash`, `phone`) VALUES ('387', 'Marlon', 'Kulas', 'katelyn58@example.net', 'ea51ef4ff459c0da0e023623a6f2016481600656', '56');
INSERT INTO `users` (`id`, `firstname`, `lastname`, `email`, `password_hash`, `phone`) VALUES ('392', 'Ima', 'Denesik', 'rylee.altenwerth@example.org', '8b67e56ff716cf63e681cc18d5cd3c009b6eb373', '961');
INSERT INTO `users` (`id`, `firstname`, `lastname`, `email`, `password_hash`, `phone`) VALUES ('393', 'Eldred', 'Kovacek', 'margarette47@example.com', '36a72ced31f6143b7bd3fc5d70777e355cf98648', '864');
INSERT INTO `users` (`id`, `firstname`, `lastname`, `email`, `password_hash`, `phone`) VALUES ('395', 'Sophie', 'Kunde', 'kunde.finn@example.net', '17a69324a107ecbfe09fbffa9552d0f4e948c529', '12');
INSERT INTO `users` (`id`, `firstname`, `lastname`, `email`, `password_hash`, `phone`) VALUES ('396', 'Gracie', 'Hilll', 'collins.gavin@example.com', '7ba4e8a39429a2e0ce77126c58751d9a45b3975c', '739439');
INSERT INTO `users` (`id`, `firstname`, `lastname`, `email`, `password_hash`, `phone`) VALUES ('397', 'Chanel', 'Hackett', 'fmuller@example.org', '1dea838dd1e0fe1222b2dbe778d6c8c053c3913b', '178568');
INSERT INTO `users` (`id`, `firstname`, `lastname`, `email`, `password_hash`, `phone`) VALUES ('398', 'Heber', 'Mraz', 'mcdermott.zola@example.com', 'ae372871a714a1d18c50a51cda70f1818ccd76b1', '113');
INSERT INTO `users` (`id`, `firstname`, `lastname`, `email`, `password_hash`, `phone`) VALUES ('400', 'Armani', 'Schumm', 'rae98@example.org', '3ad25abaed226d5493ef76b1c881b88050bb812e', '463454');


INSERT INTO `communities` (`id`, `name`, `admin_user_id`) VALUES ('1', 'dolorem', '201');
INSERT INTO `communities` (`id`, `name`, `admin_user_id`) VALUES ('2', 'aut', '202');
INSERT INTO `communities` (`id`, `name`, `admin_user_id`) VALUES ('3', 'et', '204');
INSERT INTO `communities` (`id`, `name`, `admin_user_id`) VALUES ('4', 'ab', '205');
INSERT INTO `communities` (`id`, `name`, `admin_user_id`) VALUES ('5', 'quos', '206');
INSERT INTO `communities` (`id`, `name`, `admin_user_id`) VALUES ('6', 'quae', '209');
INSERT INTO `communities` (`id`, `name`, `admin_user_id`) VALUES ('7', 'molestiae', '211');
INSERT INTO `communities` (`id`, `name`, `admin_user_id`) VALUES ('8', 'quaerat', '213');
INSERT INTO `communities` (`id`, `name`, `admin_user_id`) VALUES ('9', 'ipsam', '214');
INSERT INTO `communities` (`id`, `name`, `admin_user_id`) VALUES ('10', 'rerum', '216');
INSERT INTO `communities` (`id`, `name`, `admin_user_id`) VALUES ('11', 'culpa', '217');
INSERT INTO `communities` (`id`, `name`, `admin_user_id`) VALUES ('12', 'porro', '218');
INSERT INTO `communities` (`id`, `name`, `admin_user_id`) VALUES ('13', 'incidunt', '219');
INSERT INTO `communities` (`id`, `name`, `admin_user_id`) VALUES ('14', 'ut', '221');
INSERT INTO `communities` (`id`, `name`, `admin_user_id`) VALUES ('15', 'earum', '222');
INSERT INTO `communities` (`id`, `name`, `admin_user_id`) VALUES ('16', 'velit', '223');
INSERT INTO `communities` (`id`, `name`, `admin_user_id`) VALUES ('17', 'iusto', '226');
INSERT INTO `communities` (`id`, `name`, `admin_user_id`) VALUES ('18', 'corrupti', '227');
INSERT INTO `communities` (`id`, `name`, `admin_user_id`) VALUES ('19', 'at', '228');
INSERT INTO `communities` (`id`, `name`, `admin_user_id`) VALUES ('20', 'eius', '230');
INSERT INTO `communities` (`id`, `name`, `admin_user_id`) VALUES ('21', 'cupiditate', '231');
INSERT INTO `communities` (`id`, `name`, `admin_user_id`) VALUES ('22', 'vel', '232');
INSERT INTO `communities` (`id`, `name`, `admin_user_id`) VALUES ('23', 'non', '233');
INSERT INTO `communities` (`id`, `name`, `admin_user_id`) VALUES ('24', 'qui', '237');
INSERT INTO `communities` (`id`, `name`, `admin_user_id`) VALUES ('25', 'totam', '238');
INSERT INTO `communities` (`id`, `name`, `admin_user_id`) VALUES ('26', 'libero', '240');
INSERT INTO `communities` (`id`, `name`, `admin_user_id`) VALUES ('27', 'voluptas', '241');
INSERT INTO `communities` (`id`, `name`, `admin_user_id`) VALUES ('28', 'eum', '242');
INSERT INTO `communities` (`id`, `name`, `admin_user_id`) VALUES ('29', 'necessitatibus', '243');
INSERT INTO `communities` (`id`, `name`, `admin_user_id`) VALUES ('30', 'est', '246');
INSERT INTO `communities` (`id`, `name`, `admin_user_id`) VALUES ('31', 'optio', '247');
INSERT INTO `communities` (`id`, `name`, `admin_user_id`) VALUES ('32', 'quibusdam', '251');
INSERT INTO `communities` (`id`, `name`, `admin_user_id`) VALUES ('33', 'sunt', '252');
INSERT INTO `communities` (`id`, `name`, `admin_user_id`) VALUES ('34', 'eos', '255');
INSERT INTO `communities` (`id`, `name`, `admin_user_id`) VALUES ('35', 'illum', '256');
INSERT INTO `communities` (`id`, `name`, `admin_user_id`) VALUES ('36', 'praesentium', '258');
INSERT INTO `communities` (`id`, `name`, `admin_user_id`) VALUES ('37', 'ea', '259');
INSERT INTO `communities` (`id`, `name`, `admin_user_id`) VALUES ('38', 'nihil', '262');
INSERT INTO `communities` (`id`, `name`, `admin_user_id`) VALUES ('39', 'laudantium', '263');
INSERT INTO `communities` (`id`, `name`, `admin_user_id`) VALUES ('40', 'sit', '265');
INSERT INTO `communities` (`id`, `name`, `admin_user_id`) VALUES ('41', 'aliquid', '267');
INSERT INTO `communities` (`id`, `name`, `admin_user_id`) VALUES ('42', 'error', '270');
INSERT INTO `communities` (`id`, `name`, `admin_user_id`) VALUES ('43', 'quia', '271');
INSERT INTO `communities` (`id`, `name`, `admin_user_id`) VALUES ('44', 'voluptatum', '272');
INSERT INTO `communities` (`id`, `name`, `admin_user_id`) VALUES ('45', 'voluptatem', '279');
INSERT INTO `communities` (`id`, `name`, `admin_user_id`) VALUES ('46', 'neque', '280');
INSERT INTO `communities` (`id`, `name`, `admin_user_id`) VALUES ('47', 'exercitationem', '281');
INSERT INTO `communities` (`id`, `name`, `admin_user_id`) VALUES ('48', 'perspiciatis', '282');
INSERT INTO `communities` (`id`, `name`, `admin_user_id`) VALUES ('49', 'hic', '283');
INSERT INTO `communities` (`id`, `name`, `admin_user_id`) VALUES ('50', 'magnam', '284');
INSERT INTO `communities` (`id`, `name`, `admin_user_id`) VALUES ('51', 'vero', '285');
INSERT INTO `communities` (`id`, `name`, `admin_user_id`) VALUES ('52', 'doloremque', '288');
INSERT INTO `communities` (`id`, `name`, `admin_user_id`) VALUES ('53', 'sint', '289');
INSERT INTO `communities` (`id`, `name`, `admin_user_id`) VALUES ('54', 'dolore', '290');
INSERT INTO `communities` (`id`, `name`, `admin_user_id`) VALUES ('55', 'recusandae', '291');
INSERT INTO `communities` (`id`, `name`, `admin_user_id`) VALUES ('56', 'maiores', '292');
INSERT INTO `communities` (`id`, `name`, `admin_user_id`) VALUES ('57', 'architecto', '296');
INSERT INTO `communities` (`id`, `name`, `admin_user_id`) VALUES ('58', 'deserunt', '298');
INSERT INTO `communities` (`id`, `name`, `admin_user_id`) VALUES ('59', 'omnis', '299');
INSERT INTO `communities` (`id`, `name`, `admin_user_id`) VALUES ('60', 'repellendus', '300');
INSERT INTO `communities` (`id`, `name`, `admin_user_id`) VALUES ('61', 'nemo', '301');
INSERT INTO `communities` (`id`, `name`, `admin_user_id`) VALUES ('62', 'odio', '302');
INSERT INTO `communities` (`id`, `name`, `admin_user_id`) VALUES ('63', 'deleniti', '303');
INSERT INTO `communities` (`id`, `name`, `admin_user_id`) VALUES ('64', 'odit', '304');
INSERT INTO `communities` (`id`, `name`, `admin_user_id`) VALUES ('65', 'nam', '309');
INSERT INTO `communities` (`id`, `name`, `admin_user_id`) VALUES ('66', 'illo', '310');
INSERT INTO `communities` (`id`, `name`, `admin_user_id`) VALUES ('67', 'cum', '313');
INSERT INTO `communities` (`id`, `name`, `admin_user_id`) VALUES ('68', 'nesciunt', '314');
INSERT INTO `communities` (`id`, `name`, `admin_user_id`) VALUES ('69', 'consequuntur', '315');
INSERT INTO `communities` (`id`, `name`, `admin_user_id`) VALUES ('70', 'dolorum', '320');
INSERT INTO `communities` (`id`, `name`, `admin_user_id`) VALUES ('71', 'dignissimos', '321');
INSERT INTO `communities` (`id`, `name`, `admin_user_id`) VALUES ('72', 'dolor', '322');
INSERT INTO `communities` (`id`, `name`, `admin_user_id`) VALUES ('73', 'ex', '324');
INSERT INTO `communities` (`id`, `name`, `admin_user_id`) VALUES ('74', 'ipsa', '325');
INSERT INTO `communities` (`id`, `name`, `admin_user_id`) VALUES ('75', 'accusantium', '326');
INSERT INTO `communities` (`id`, `name`, `admin_user_id`) VALUES ('76', 'iste', '327');
INSERT INTO `communities` (`id`, `name`, `admin_user_id`) VALUES ('77', 'eaque', '328');
INSERT INTO `communities` (`id`, `name`, `admin_user_id`) VALUES ('78', 'veniam', '329');
INSERT INTO `communities` (`id`, `name`, `admin_user_id`) VALUES ('79', 'quo', '330');
INSERT INTO `communities` (`id`, `name`, `admin_user_id`) VALUES ('80', 'quisquam', '334');
INSERT INTO `communities` (`id`, `name`, `admin_user_id`) VALUES ('81', 'labore', '335');
INSERT INTO `communities` (`id`, `name`, `admin_user_id`) VALUES ('82', 'officia', '336');
INSERT INTO `communities` (`id`, `name`, `admin_user_id`) VALUES ('83', 'autem', '337');
INSERT INTO `communities` (`id`, `name`, `admin_user_id`) VALUES ('84', 'nisi', '340');
INSERT INTO `communities` (`id`, `name`, `admin_user_id`) VALUES ('85', 'enim', '341');
INSERT INTO `communities` (`id`, `name`, `admin_user_id`) VALUES ('86', 'doloribus', '342');
INSERT INTO `communities` (`id`, `name`, `admin_user_id`) VALUES ('87', 'officiis', '345');
INSERT INTO `communities` (`id`, `name`, `admin_user_id`) VALUES ('88', 'consequatur', '346');
INSERT INTO `communities` (`id`, `name`, `admin_user_id`) VALUES ('89', 'suscipit', '348');
INSERT INTO `communities` (`id`, `name`, `admin_user_id`) VALUES ('90', 'quis', '349');
INSERT INTO `communities` (`id`, `name`, `admin_user_id`) VALUES ('91', 'in', '351');
INSERT INTO `communities` (`id`, `name`, `admin_user_id`) VALUES ('92', 'placeat', '354');
INSERT INTO `communities` (`id`, `name`, `admin_user_id`) VALUES ('93', 'asperiores', '356');
INSERT INTO `communities` (`id`, `name`, `admin_user_id`) VALUES ('94', 'natus', '361');
INSERT INTO `communities` (`id`, `name`, `admin_user_id`) VALUES ('95', 'sed', '363');
INSERT INTO `communities` (`id`, `name`, `admin_user_id`) VALUES ('96', 'quam', '371');
INSERT INTO `communities` (`id`, `name`, `admin_user_id`) VALUES ('97', 'voluptatibus', '372');
INSERT INTO `communities` (`id`, `name`, `admin_user_id`) VALUES ('98', 'nobis', '373');
INSERT INTO `communities` (`id`, `name`, `admin_user_id`) VALUES ('99', 'ad', '374');
INSERT INTO `communities` (`id`, `name`, `admin_user_id`) VALUES ('100', 'facilis', '375');

INSERT INTO `users_communities` (`user_id`, `community_id`) VALUES ('201', '1');
INSERT INTO `users_communities` (`user_id`, `community_id`) VALUES ('202', '2');
INSERT INTO `users_communities` (`user_id`, `community_id`) VALUES ('204', '3');
INSERT INTO `users_communities` (`user_id`, `community_id`) VALUES ('205', '4');
INSERT INTO `users_communities` (`user_id`, `community_id`) VALUES ('206', '5');
INSERT INTO `users_communities` (`user_id`, `community_id`) VALUES ('209', '6');
INSERT INTO `users_communities` (`user_id`, `community_id`) VALUES ('211', '7');
INSERT INTO `users_communities` (`user_id`, `community_id`) VALUES ('213', '8');
INSERT INTO `users_communities` (`user_id`, `community_id`) VALUES ('214', '9');
INSERT INTO `users_communities` (`user_id`, `community_id`) VALUES ('216', '10');
INSERT INTO `users_communities` (`user_id`, `community_id`) VALUES ('217', '11');
INSERT INTO `users_communities` (`user_id`, `community_id`) VALUES ('218', '12');
INSERT INTO `users_communities` (`user_id`, `community_id`) VALUES ('219', '13');
INSERT INTO `users_communities` (`user_id`, `community_id`) VALUES ('221', '14');
INSERT INTO `users_communities` (`user_id`, `community_id`) VALUES ('222', '15');
INSERT INTO `users_communities` (`user_id`, `community_id`) VALUES ('223', '16');
INSERT INTO `users_communities` (`user_id`, `community_id`) VALUES ('226', '17');
INSERT INTO `users_communities` (`user_id`, `community_id`) VALUES ('227', '18');
INSERT INTO `users_communities` (`user_id`, `community_id`) VALUES ('228', '19');
INSERT INTO `users_communities` (`user_id`, `community_id`) VALUES ('230', '20');
INSERT INTO `users_communities` (`user_id`, `community_id`) VALUES ('231', '21');
INSERT INTO `users_communities` (`user_id`, `community_id`) VALUES ('232', '22');
INSERT INTO `users_communities` (`user_id`, `community_id`) VALUES ('233', '23');
INSERT INTO `users_communities` (`user_id`, `community_id`) VALUES ('237', '24');
INSERT INTO `users_communities` (`user_id`, `community_id`) VALUES ('238', '25');
INSERT INTO `users_communities` (`user_id`, `community_id`) VALUES ('240', '26');
INSERT INTO `users_communities` (`user_id`, `community_id`) VALUES ('241', '27');
INSERT INTO `users_communities` (`user_id`, `community_id`) VALUES ('242', '28');
INSERT INTO `users_communities` (`user_id`, `community_id`) VALUES ('243', '29');
INSERT INTO `users_communities` (`user_id`, `community_id`) VALUES ('246', '30');
INSERT INTO `users_communities` (`user_id`, `community_id`) VALUES ('247', '31');
INSERT INTO `users_communities` (`user_id`, `community_id`) VALUES ('251', '32');
INSERT INTO `users_communities` (`user_id`, `community_id`) VALUES ('252', '33');
INSERT INTO `users_communities` (`user_id`, `community_id`) VALUES ('255', '34');
INSERT INTO `users_communities` (`user_id`, `community_id`) VALUES ('256', '35');
INSERT INTO `users_communities` (`user_id`, `community_id`) VALUES ('258', '36');
INSERT INTO `users_communities` (`user_id`, `community_id`) VALUES ('259', '37');
INSERT INTO `users_communities` (`user_id`, `community_id`) VALUES ('262', '38');
INSERT INTO `users_communities` (`user_id`, `community_id`) VALUES ('263', '39');
INSERT INTO `users_communities` (`user_id`, `community_id`) VALUES ('265', '40');
INSERT INTO `users_communities` (`user_id`, `community_id`) VALUES ('267', '41');
INSERT INTO `users_communities` (`user_id`, `community_id`) VALUES ('270', '42');
INSERT INTO `users_communities` (`user_id`, `community_id`) VALUES ('271', '43');
INSERT INTO `users_communities` (`user_id`, `community_id`) VALUES ('272', '44');
INSERT INTO `users_communities` (`user_id`, `community_id`) VALUES ('279', '45');
INSERT INTO `users_communities` (`user_id`, `community_id`) VALUES ('280', '46');
INSERT INTO `users_communities` (`user_id`, `community_id`) VALUES ('281', '47');
INSERT INTO `users_communities` (`user_id`, `community_id`) VALUES ('282', '48');
INSERT INTO `users_communities` (`user_id`, `community_id`) VALUES ('283', '49');
INSERT INTO `users_communities` (`user_id`, `community_id`) VALUES ('284', '50');
INSERT INTO `users_communities` (`user_id`, `community_id`) VALUES ('285', '51');
INSERT INTO `users_communities` (`user_id`, `community_id`) VALUES ('288', '52');
INSERT INTO `users_communities` (`user_id`, `community_id`) VALUES ('289', '53');
INSERT INTO `users_communities` (`user_id`, `community_id`) VALUES ('290', '54');
INSERT INTO `users_communities` (`user_id`, `community_id`) VALUES ('291', '55');
INSERT INTO `users_communities` (`user_id`, `community_id`) VALUES ('292', '56');
INSERT INTO `users_communities` (`user_id`, `community_id`) VALUES ('296', '57');
INSERT INTO `users_communities` (`user_id`, `community_id`) VALUES ('298', '58');
INSERT INTO `users_communities` (`user_id`, `community_id`) VALUES ('299', '59');
INSERT INTO `users_communities` (`user_id`, `community_id`) VALUES ('300', '60');
INSERT INTO `users_communities` (`user_id`, `community_id`) VALUES ('301', '61');
INSERT INTO `users_communities` (`user_id`, `community_id`) VALUES ('302', '62');
INSERT INTO `users_communities` (`user_id`, `community_id`) VALUES ('303', '63');
INSERT INTO `users_communities` (`user_id`, `community_id`) VALUES ('304', '64');
INSERT INTO `users_communities` (`user_id`, `community_id`) VALUES ('309', '65');
INSERT INTO `users_communities` (`user_id`, `community_id`) VALUES ('310', '66');
INSERT INTO `users_communities` (`user_id`, `community_id`) VALUES ('313', '67');
INSERT INTO `users_communities` (`user_id`, `community_id`) VALUES ('314', '68');
INSERT INTO `users_communities` (`user_id`, `community_id`) VALUES ('315', '69');
INSERT INTO `users_communities` (`user_id`, `community_id`) VALUES ('320', '70');
INSERT INTO `users_communities` (`user_id`, `community_id`) VALUES ('321', '71');
INSERT INTO `users_communities` (`user_id`, `community_id`) VALUES ('322', '72');
INSERT INTO `users_communities` (`user_id`, `community_id`) VALUES ('324', '73');
INSERT INTO `users_communities` (`user_id`, `community_id`) VALUES ('325', '74');
INSERT INTO `users_communities` (`user_id`, `community_id`) VALUES ('326', '75');
INSERT INTO `users_communities` (`user_id`, `community_id`) VALUES ('327', '76');
INSERT INTO `users_communities` (`user_id`, `community_id`) VALUES ('328', '77');
INSERT INTO `users_communities` (`user_id`, `community_id`) VALUES ('329', '78');
INSERT INTO `users_communities` (`user_id`, `community_id`) VALUES ('330', '79');
INSERT INTO `users_communities` (`user_id`, `community_id`) VALUES ('334', '80');
INSERT INTO `users_communities` (`user_id`, `community_id`) VALUES ('335', '81');
INSERT INTO `users_communities` (`user_id`, `community_id`) VALUES ('336', '82');
INSERT INTO `users_communities` (`user_id`, `community_id`) VALUES ('337', '83');
INSERT INTO `users_communities` (`user_id`, `community_id`) VALUES ('340', '84');
INSERT INTO `users_communities` (`user_id`, `community_id`) VALUES ('341', '85');
INSERT INTO `users_communities` (`user_id`, `community_id`) VALUES ('342', '86');
INSERT INTO `users_communities` (`user_id`, `community_id`) VALUES ('345', '87');
INSERT INTO `users_communities` (`user_id`, `community_id`) VALUES ('346', '88');
INSERT INTO `users_communities` (`user_id`, `community_id`) VALUES ('348', '89');
INSERT INTO `users_communities` (`user_id`, `community_id`) VALUES ('349', '90');
INSERT INTO `users_communities` (`user_id`, `community_id`) VALUES ('351', '91');
INSERT INTO `users_communities` (`user_id`, `community_id`) VALUES ('354', '92');
INSERT INTO `users_communities` (`user_id`, `community_id`) VALUES ('356', '93');
INSERT INTO `users_communities` (`user_id`, `community_id`) VALUES ('361', '94');
INSERT INTO `users_communities` (`user_id`, `community_id`) VALUES ('363', '95');
INSERT INTO `users_communities` (`user_id`, `community_id`) VALUES ('371', '96');
INSERT INTO `users_communities` (`user_id`, `community_id`) VALUES ('372', '97');
INSERT INTO `users_communities` (`user_id`, `community_id`) VALUES ('373', '98');
INSERT INTO `users_communities` (`user_id`, `community_id`) VALUES ('374', '99');
INSERT INTO `users_communities` (`user_id`, `community_id`) VALUES ('375', '100');

INSERT INTO `media_types` (`id`, `name`, `created_at`, `updated_at`) VALUES ('1', 'exercitationem', '2007-06-30 03:16:06', '2012-10-18 01:25:20');
INSERT INTO `media_types` (`id`, `name`, `created_at`, `updated_at`) VALUES ('2', 'voluptas', '1989-01-09 16:28:45', '1977-05-25 12:53:20');
INSERT INTO `media_types` (`id`, `name`, `created_at`, `updated_at`) VALUES ('3', 'occaecati', '1988-07-13 08:24:50', '1982-01-27 10:22:01');
INSERT INTO `media_types` (`id`, `name`, `created_at`, `updated_at`) VALUES ('4', 'iste', '1983-12-11 20:32:19', '2008-12-11 05:17:54');
INSERT INTO `media_types` (`id`, `name`, `created_at`, `updated_at`) VALUES ('5', 'modi', '1974-10-02 14:44:49', '2000-08-16 00:31:06');
INSERT INTO `media_types` (`id`, `name`, `created_at`, `updated_at`) VALUES ('6', 'facilis', '1987-12-16 09:50:12', '2000-07-02 20:20:10');
INSERT INTO `media_types` (`id`, `name`, `created_at`, `updated_at`) VALUES ('7', 'dolorem', '1979-04-14 03:42:55', '1976-10-23 02:23:49');
INSERT INTO `media_types` (`id`, `name`, `created_at`, `updated_at`) VALUES ('8', 'officia', '1982-09-23 00:33:23', '1973-04-03 14:36:10');
INSERT INTO `media_types` (`id`, `name`, `created_at`, `updated_at`) VALUES ('9', 'sit', '2014-02-22 03:09:06', '2017-08-02 12:29:44');
INSERT INTO `media_types` (`id`, `name`, `created_at`, `updated_at`) VALUES ('10', 'alias', '1977-10-31 04:47:48', '1975-12-11 06:53:55');
INSERT INTO `media_types` (`id`, `name`, `created_at`, `updated_at`) VALUES ('11', 'non', '1993-09-22 04:47:30', '1995-09-13 01:40:43');
INSERT INTO `media_types` (`id`, `name`, `created_at`, `updated_at`) VALUES ('12', 'ipsa', '2010-02-23 13:09:16', '1997-08-09 13:08:36');
INSERT INTO `media_types` (`id`, `name`, `created_at`, `updated_at`) VALUES ('13', 'cum', '1994-03-11 21:17:23', '1971-04-11 05:35:39');
INSERT INTO `media_types` (`id`, `name`, `created_at`, `updated_at`) VALUES ('14', 'voluptas', '1981-03-16 17:06:50', '1980-12-27 00:11:44');
INSERT INTO `media_types` (`id`, `name`, `created_at`, `updated_at`) VALUES ('15', 'quis', '2007-11-13 04:54:42', '2004-09-18 17:06:44');
INSERT INTO `media_types` (`id`, `name`, `created_at`, `updated_at`) VALUES ('16', 'rerum', '2007-08-22 19:59:38', '1970-02-06 10:02:36');
INSERT INTO `media_types` (`id`, `name`, `created_at`, `updated_at`) VALUES ('17', 'repellat', '1986-02-08 11:06:47', '1989-12-08 11:58:31');
INSERT INTO `media_types` (`id`, `name`, `created_at`, `updated_at`) VALUES ('18', 'ut', '2008-11-15 09:36:04', '1971-09-22 11:45:47');
INSERT INTO `media_types` (`id`, `name`, `created_at`, `updated_at`) VALUES ('19', 'velit', '2000-01-05 06:25:25', '2019-11-17 05:24:24');
INSERT INTO `media_types` (`id`, `name`, `created_at`, `updated_at`) VALUES ('20', 'facere', '1973-08-24 19:03:30', '1991-01-27 13:24:52');
INSERT INTO `media_types` (`id`, `name`, `created_at`, `updated_at`) VALUES ('21', 'et', '2017-02-07 00:17:41', '1999-10-11 04:20:11');
INSERT INTO `media_types` (`id`, `name`, `created_at`, `updated_at`) VALUES ('22', 'ut', '2020-06-02 10:01:24', '1999-01-26 15:22:15');
INSERT INTO `media_types` (`id`, `name`, `created_at`, `updated_at`) VALUES ('23', 'voluptas', '1999-03-28 07:18:56', '1998-01-15 05:27:57');
INSERT INTO `media_types` (`id`, `name`, `created_at`, `updated_at`) VALUES ('24', 'exercitationem', '1994-07-03 00:21:09', '1997-01-02 12:36:09');
INSERT INTO `media_types` (`id`, `name`, `created_at`, `updated_at`) VALUES ('25', 'voluptatum', '1971-12-01 01:34:06', '1989-03-07 09:54:33');
INSERT INTO `media_types` (`id`, `name`, `created_at`, `updated_at`) VALUES ('26', 'et', '1984-02-16 11:59:50', '2004-02-14 10:37:05');
INSERT INTO `media_types` (`id`, `name`, `created_at`, `updated_at`) VALUES ('27', 'numquam', '2018-01-07 01:17:04', '2019-01-14 21:27:50');
INSERT INTO `media_types` (`id`, `name`, `created_at`, `updated_at`) VALUES ('28', 'sapiente', '2007-08-12 15:49:07', '2016-12-27 23:56:43');
INSERT INTO `media_types` (`id`, `name`, `created_at`, `updated_at`) VALUES ('29', 'nobis', '1992-08-04 00:02:04', '1977-08-17 17:29:26');
INSERT INTO `media_types` (`id`, `name`, `created_at`, `updated_at`) VALUES ('30', 'explicabo', '1996-04-21 21:48:25', '2004-07-29 20:16:06');
INSERT INTO `media_types` (`id`, `name`, `created_at`, `updated_at`) VALUES ('31', 'accusantium', '2011-03-02 23:30:12', '1998-06-20 22:34:44');
INSERT INTO `media_types` (`id`, `name`, `created_at`, `updated_at`) VALUES ('32', 'mollitia', '1986-08-13 23:58:48', '2016-01-20 08:43:52');
INSERT INTO `media_types` (`id`, `name`, `created_at`, `updated_at`) VALUES ('33', 'ad', '2016-04-30 14:26:00', '1975-08-11 05:33:11');
INSERT INTO `media_types` (`id`, `name`, `created_at`, `updated_at`) VALUES ('34', 'placeat', '2002-01-08 00:57:10', '2003-02-19 19:34:01');
INSERT INTO `media_types` (`id`, `name`, `created_at`, `updated_at`) VALUES ('35', 'id', '2012-10-14 12:36:15', '1988-06-01 06:11:31');
INSERT INTO `media_types` (`id`, `name`, `created_at`, `updated_at`) VALUES ('36', 'magni', '1972-03-24 06:48:02', '2003-02-25 18:19:35');
INSERT INTO `media_types` (`id`, `name`, `created_at`, `updated_at`) VALUES ('37', 'inventore', '1988-08-11 12:58:09', '1974-08-10 21:47:53');
INSERT INTO `media_types` (`id`, `name`, `created_at`, `updated_at`) VALUES ('38', 'labore', '1996-08-26 09:54:51', '1977-12-07 11:07:23');
INSERT INTO `media_types` (`id`, `name`, `created_at`, `updated_at`) VALUES ('39', 'aperiam', '1983-08-13 16:16:57', '1999-03-08 00:38:22');
INSERT INTO `media_types` (`id`, `name`, `created_at`, `updated_at`) VALUES ('40', 'quia', '1981-03-07 02:42:53', '1974-04-09 11:00:53');
INSERT INTO `media_types` (`id`, `name`, `created_at`, `updated_at`) VALUES ('41', 'et', '2000-11-22 08:26:33', '1988-11-21 15:21:53');
INSERT INTO `media_types` (`id`, `name`, `created_at`, `updated_at`) VALUES ('42', 'deserunt', '1977-10-09 11:05:34', '2017-06-02 15:17:22');
INSERT INTO `media_types` (`id`, `name`, `created_at`, `updated_at`) VALUES ('43', 'hic', '1975-11-05 22:48:07', '2009-08-22 13:30:54');
INSERT INTO `media_types` (`id`, `name`, `created_at`, `updated_at`) VALUES ('44', 'itaque', '2003-03-08 12:48:09', '1992-12-07 13:55:28');
INSERT INTO `media_types` (`id`, `name`, `created_at`, `updated_at`) VALUES ('45', 'nulla', '1973-04-23 12:04:11', '1992-04-11 03:54:27');
INSERT INTO `media_types` (`id`, `name`, `created_at`, `updated_at`) VALUES ('46', 'voluptates', '1999-10-23 12:11:58', '1982-06-07 20:40:57');
INSERT INTO `media_types` (`id`, `name`, `created_at`, `updated_at`) VALUES ('47', 'sed', '2007-11-18 07:03:50', '2019-10-19 20:47:59');
INSERT INTO `media_types` (`id`, `name`, `created_at`, `updated_at`) VALUES ('48', 'qui', '1985-11-08 23:47:16', '1991-10-28 05:55:17');
INSERT INTO `media_types` (`id`, `name`, `created_at`, `updated_at`) VALUES ('49', 'iure', '1973-10-23 00:11:12', '2017-07-23 09:07:56');
INSERT INTO `media_types` (`id`, `name`, `created_at`, `updated_at`) VALUES ('50', 'illum', '2017-01-27 05:12:14', '2013-01-04 16:53:33');
INSERT INTO `media_types` (`id`, `name`, `created_at`, `updated_at`) VALUES ('51', 'et', '1975-10-19 07:02:00', '1984-10-08 18:56:48');
INSERT INTO `media_types` (`id`, `name`, `created_at`, `updated_at`) VALUES ('52', 'necessitatibus', '1995-11-12 19:16:11', '1983-10-12 22:35:18');
INSERT INTO `media_types` (`id`, `name`, `created_at`, `updated_at`) VALUES ('53', 'harum', '1993-10-13 23:13:21', '2013-03-17 12:00:14');
INSERT INTO `media_types` (`id`, `name`, `created_at`, `updated_at`) VALUES ('54', 'labore', '1995-07-04 21:06:55', '2016-11-10 17:59:37');
INSERT INTO `media_types` (`id`, `name`, `created_at`, `updated_at`) VALUES ('55', 'in', '2020-08-30 21:43:56', '2010-08-10 02:14:12');
INSERT INTO `media_types` (`id`, `name`, `created_at`, `updated_at`) VALUES ('56', 'facilis', '2016-03-14 00:41:47', '1974-03-12 23:21:58');
INSERT INTO `media_types` (`id`, `name`, `created_at`, `updated_at`) VALUES ('57', 'repellendus', '1982-12-04 12:03:48', '2000-07-13 20:20:52');
INSERT INTO `media_types` (`id`, `name`, `created_at`, `updated_at`) VALUES ('58', 'praesentium', '1994-09-20 19:26:11', '2017-08-05 02:53:08');
INSERT INTO `media_types` (`id`, `name`, `created_at`, `updated_at`) VALUES ('59', 'praesentium', '1976-06-09 12:33:34', '2009-12-03 08:57:07');
INSERT INTO `media_types` (`id`, `name`, `created_at`, `updated_at`) VALUES ('60', 'eius', '1982-05-28 16:34:42', '1981-10-16 15:31:24');
INSERT INTO `media_types` (`id`, `name`, `created_at`, `updated_at`) VALUES ('61', 'placeat', '2016-11-15 14:44:55', '1991-06-02 02:20:17');
INSERT INTO `media_types` (`id`, `name`, `created_at`, `updated_at`) VALUES ('62', 'excepturi', '2004-09-24 17:24:45', '1991-06-20 10:38:26');
INSERT INTO `media_types` (`id`, `name`, `created_at`, `updated_at`) VALUES ('63', 'quae', '2019-04-01 00:35:11', '1981-06-01 08:13:55');
INSERT INTO `media_types` (`id`, `name`, `created_at`, `updated_at`) VALUES ('64', 'fuga', '1987-02-16 10:20:18', '2017-10-09 14:29:49');
INSERT INTO `media_types` (`id`, `name`, `created_at`, `updated_at`) VALUES ('65', 'et', '2002-12-21 23:08:47', '2011-11-04 09:17:37');
INSERT INTO `media_types` (`id`, `name`, `created_at`, `updated_at`) VALUES ('66', 'qui', '2015-07-16 23:45:52', '1985-06-24 23:16:01');

INSERT INTO `media` (`id`, `media_type_id`, `user_id`, `body`, `filename`, `size`, `metadata`, `created_at`, `updated_at`) VALUES ('1', '1', '201', 'Excepturi illum nihil culpa quae eum. Unde voluptatem minima doloribus omnis a aliquid quis. At pariatur aliquid optio eum corrupti consectetur.', 'distinctio', 53355, NULL, '1991-09-19 05:08:40', '2008-12-16 11:44:34');
INSERT INTO `media` (`id`, `media_type_id`, `user_id`, `body`, `filename`, `size`, `metadata`, `created_at`, `updated_at`) VALUES ('2', '2', '202', 'Id enim nemo recusandae dicta. Excepturi sed officiis deleniti voluptas. Corporis iure nam qui eos aperiam est ducimus. Eos rerum enim tenetur sint quam.', 'tempora', 6376, NULL, '1999-12-27 17:31:28', '2005-09-15 20:00:26');
INSERT INTO `media` (`id`, `media_type_id`, `user_id`, `body`, `filename`, `size`, `metadata`, `created_at`, `updated_at`) VALUES ('3', '3', '204', 'Molestiae eveniet voluptates aut quis eum. In nulla enim exercitationem minus pariatur sunt. Quos et quia sequi placeat illo dolorem quaerat.', 'aut', 8518205, NULL, '2019-12-30 11:15:24', '2011-04-22 07:54:49');
INSERT INTO `media` (`id`, `media_type_id`, `user_id`, `body`, `filename`, `size`, `metadata`, `created_at`, `updated_at`) VALUES ('4', '4', '205', 'Neque facere enim nostrum accusamus dolorem neque repudiandae repellendus. Minus soluta qui blanditiis necessitatibus neque. Maiores est doloremque consequatur.', 'ex', 0, NULL, '1980-04-15 19:52:46', '1994-07-20 13:39:49');
INSERT INTO `media` (`id`, `media_type_id`, `user_id`, `body`, `filename`, `size`, `metadata`, `created_at`, `updated_at`) VALUES ('5', '5', '206', 'Aut dolorem corporis exercitationem ex porro sed atque voluptatum. Rerum omnis doloribus velit ipsam quos iste. Illum autem fugiat molestiae aut eos tempore necessitatibus et. Rerum numquam explicabo fugiat quas ut.', 'odit', 0, NULL, '1980-04-25 19:12:24', '2007-08-05 14:55:33');
INSERT INTO `media` (`id`, `media_type_id`, `user_id`, `body`, `filename`, `size`, `metadata`, `created_at`, `updated_at`) VALUES ('6', '6', '209', 'Nihil praesentium repellat voluptatibus deleniti. Rerum molestiae odio reiciendis eos et in. Ea necessitatibus qui dolorem. Voluptates eius optio vitae rerum ipsam.', 'tempore', 7, NULL, '1980-01-04 03:53:06', '1982-03-30 05:04:19');
INSERT INTO `media` (`id`, `media_type_id`, `user_id`, `body`, `filename`, `size`, `metadata`, `created_at`, `updated_at`) VALUES ('7', '7', '211', 'Dignissimos aspernatur et facere doloribus consequuntur ea. Quo quisquam assumenda veniam consequuntur enim autem. Amet repellat quam enim eligendi magni numquam.', 'quae', 66791, NULL, '1982-10-03 10:51:44', '1983-01-22 02:42:56');
INSERT INTO `media` (`id`, `media_type_id`, `user_id`, `body`, `filename`, `size`, `metadata`, `created_at`, `updated_at`) VALUES ('8', '8', '213', 'Accusantium ad officia voluptas. Nobis quis ab et ipsum. Soluta omnis voluptatem et quaerat earum et non accusantium. Beatae impedit consequuntur autem quidem repellendus placeat perferendis.', 'aut', 416245, NULL, '1998-03-09 13:57:22', '1982-07-12 04:35:24');
INSERT INTO `media` (`id`, `media_type_id`, `user_id`, `body`, `filename`, `size`, `metadata`, `created_at`, `updated_at`) VALUES ('9', '9', '214', 'Unde exercitationem fugit ad temporibus sit at. Placeat saepe excepturi ipsum. Eum eos ut porro cupiditate consequatur.', 'nisi', 0, NULL, '2010-10-29 12:07:35', '2009-05-16 13:27:22');
INSERT INTO `media` (`id`, `media_type_id`, `user_id`, `body`, `filename`, `size`, `metadata`, `created_at`, `updated_at`) VALUES ('10', '10', '216', 'Aut non ut eveniet numquam. Animi nemo suscipit ut qui. Quia sit eum ut qui quas quidem blanditiis.', 'sunt', 893679, NULL, '1972-11-06 21:15:13', '1978-11-08 22:09:17');
INSERT INTO `media` (`id`, `media_type_id`, `user_id`, `body`, `filename`, `size`, `metadata`, `created_at`, `updated_at`) VALUES ('11', '11', '217', 'Accusantium nam eaque reiciendis magnam voluptatibus. Facere id possimus temporibus temporibus rem sapiente placeat. Ipsa pariatur ratione atque enim.', 'modi', 388065, NULL, '1985-03-09 17:03:10', '1975-03-19 09:16:16');
INSERT INTO `media` (`id`, `media_type_id`, `user_id`, `body`, `filename`, `size`, `metadata`, `created_at`, `updated_at`) VALUES ('12', '12', '218', 'At sint delectus eos doloribus. In aspernatur quasi nam ex id. Tenetur quasi sunt animi aut. Harum blanditiis aut minus ab.', 'iusto', 3167, NULL, '1989-01-14 03:49:00', '1971-01-07 01:16:12');
INSERT INTO `media` (`id`, `media_type_id`, `user_id`, `body`, `filename`, `size`, `metadata`, `created_at`, `updated_at`) VALUES ('13', '13', '219', 'Illum explicabo dolor voluptas tempora. Dolor nihil at eveniet rerum commodi laudantium ipsa veniam. Eius reprehenderit cum suscipit amet autem at perferendis dolores. Ut voluptas repellat iusto illum.', 'sed', 13853, NULL, '1989-04-11 00:37:13', '1981-03-22 20:27:35');
INSERT INTO `media` (`id`, `media_type_id`, `user_id`, `body`, `filename`, `size`, `metadata`, `created_at`, `updated_at`) VALUES ('14', '14', '221', 'Alias dicta omnis hic cumque facilis. Iste accusantium maxime distinctio expedita aliquam. Minus autem et laborum impedit itaque. Voluptates delectus et facilis animi et et doloremque.', 'debitis', 7, NULL, '1971-01-30 14:10:44', '1988-05-22 04:20:55');
INSERT INTO `media` (`id`, `media_type_id`, `user_id`, `body`, `filename`, `size`, `metadata`, `created_at`, `updated_at`) VALUES ('15', '15', '222', 'Et dolor quaerat dolores. Id culpa libero at sed. Ad dolor quia et dolorem. Enim ut soluta nulla vitae perspiciatis in.', 'vel', 0, NULL, '1985-11-04 18:28:36', '2001-03-05 11:26:01');
INSERT INTO `media` (`id`, `media_type_id`, `user_id`, `body`, `filename`, `size`, `metadata`, `created_at`, `updated_at`) VALUES ('16', '16', '223', 'Et voluptatem ipsam perferendis impedit odio. Ab vel omnis qui et aut rerum. Omnis voluptatem labore ut ratione.', 'et', 7, NULL, '1994-10-20 17:39:56', '1980-04-24 06:41:03');
INSERT INTO `media` (`id`, `media_type_id`, `user_id`, `body`, `filename`, `size`, `metadata`, `created_at`, `updated_at`) VALUES ('17', '17', '226', 'Aut delectus voluptatibus ipsam temporibus ut provident voluptatem fugiat. Tempore dolorem voluptatem tempora ut cupiditate et. Quaerat odit delectus architecto quia. Perferendis natus quasi accusantium debitis ullam accusantium.', 'consequatur', 714024, NULL, '2016-05-23 05:28:01', '2006-10-31 23:10:46');
INSERT INTO `media` (`id`, `media_type_id`, `user_id`, `body`, `filename`, `size`, `metadata`, `created_at`, `updated_at`) VALUES ('18', '18', '227', 'Aut nihil eum aut dolores assumenda quam dolorem. Quo eius aut explicabo vitae. Officiis et magnam voluptatem inventore quod.', 'deserunt', 219040, NULL, '2001-02-15 18:09:42', '2001-07-11 05:09:34');
INSERT INTO `media` (`id`, `media_type_id`, `user_id`, `body`, `filename`, `size`, `metadata`, `created_at`, `updated_at`) VALUES ('19', '19', '228', 'Repudiandae laboriosam asperiores libero alias et. Et minima est optio saepe maxime eum sit. Consequatur eius vel a quidem nihil adipisci. Officia et sit voluptate.', 'deleniti', 0, NULL, '1993-10-19 07:48:11', '1979-10-11 10:06:18');
INSERT INTO `media` (`id`, `media_type_id`, `user_id`, `body`, `filename`, `size`, `metadata`, `created_at`, `updated_at`) VALUES ('20', '20', '230', 'Sequi vero ut sed. Sed fuga et omnis ut ullam quisquam consectetur. Voluptas et vero qui sit ad. Aliquam fugiat dolor eos sit.', 'earum', 6074, NULL, '2014-09-03 11:46:48', '1979-01-31 07:43:53');
INSERT INTO `media` (`id`, `media_type_id`, `user_id`, `body`, `filename`, `size`, `metadata`, `created_at`, `updated_at`) VALUES ('21', '21', '231', 'Et nisi dolores explicabo eos officia sit. Esse deleniti hic et eum. Praesentium repudiandae ab rerum et odit delectus dolores. Animi voluptate est quia necessitatibus odio at.', 'illo', 810, NULL, '2013-08-31 17:42:08', '2018-08-05 05:21:36');
INSERT INTO `media` (`id`, `media_type_id`, `user_id`, `body`, `filename`, `size`, `metadata`, `created_at`, `updated_at`) VALUES ('22', '22', '232', 'Aut aliquid doloribus doloremque. Perspiciatis eligendi illum voluptatem velit et. Maxime aut dolor voluptas quis maiores.', 'voluptatem', 24613, NULL, '1972-05-17 10:48:52', '2008-11-15 04:51:02');
INSERT INTO `media` (`id`, `media_type_id`, `user_id`, `body`, `filename`, `size`, `metadata`, `created_at`, `updated_at`) VALUES ('23', '23', '233', 'Qui optio quasi rem. Consequatur aut voluptas expedita aut. Quasi odit cupiditate voluptates vitae sed vel.', 'enim', 9942, NULL, '1989-05-31 21:49:37', '1976-08-04 01:18:31');
INSERT INTO `media` (`id`, `media_type_id`, `user_id`, `body`, `filename`, `size`, `metadata`, `created_at`, `updated_at`) VALUES ('24', '24', '237', 'Repellendus odit quo nulla repudiandae deserunt. Nobis qui et voluptatem commodi consequuntur nihil. Impedit accusamus autem itaque.', 'laudantium', 0, NULL, '2008-03-13 13:57:26', '1978-08-03 21:42:51');
INSERT INTO `media` (`id`, `media_type_id`, `user_id`, `body`, `filename`, `size`, `metadata`, `created_at`, `updated_at`) VALUES ('25', '25', '238', 'Corrupti est voluptates aut. Tempore in voluptatum nesciunt cupiditate libero asperiores a. Iusto omnis ut expedita excepturi et veritatis qui. Qui sed adipisci ut harum magni et.', 'consequatur', 6718311, NULL, '1994-10-30 18:17:40', '1980-03-28 23:09:02');
INSERT INTO `media` (`id`, `media_type_id`, `user_id`, `body`, `filename`, `size`, `metadata`, `created_at`, `updated_at`) VALUES ('26', '26', '240', 'Provident mollitia quas hic delectus. Dolor provident non saepe dicta sequi reiciendis. Commodi velit ut adipisci similique. Laudantium consequuntur doloremque ut hic eligendi similique commodi. Autem sequi dolores quasi perferendis ipsam.', 'sed', 214546, NULL, '1999-09-05 06:48:38', '2020-05-21 16:06:26');
INSERT INTO `media` (`id`, `media_type_id`, `user_id`, `body`, `filename`, `size`, `metadata`, `created_at`, `updated_at`) VALUES ('27', '27', '241', 'Amet maiores sint aliquid ea et error. Maiores rerum qui a. Eos beatae debitis adipisci pariatur minus quaerat est. Dolorem cupiditate accusamus ratione qui voluptas officiis saepe.', 'dolore', 9251015, NULL, '1986-12-11 07:50:33', '2014-06-04 14:43:09');
INSERT INTO `media` (`id`, `media_type_id`, `user_id`, `body`, `filename`, `size`, `metadata`, `created_at`, `updated_at`) VALUES ('28', '28', '242', 'Aut iure eos et ut nostrum. Aut voluptatem deserunt ipsam velit laborum odit quisquam. Rerum eos fugiat est libero.', 'quaerat', 75, NULL, '1984-08-15 03:07:44', '1988-07-25 00:15:11');
INSERT INTO `media` (`id`, `media_type_id`, `user_id`, `body`, `filename`, `size`, `metadata`, `created_at`, `updated_at`) VALUES ('29', '29', '243', 'A qui vitae molestiae vel. Aut omnis tempore error odit nulla aspernatur esse. Ut aut atque fugit dignissimos. Rem architecto aut asperiores mollitia.', 'et', 6866806, NULL, '2001-01-17 17:06:58', '1977-08-15 21:59:22');
INSERT INTO `media` (`id`, `media_type_id`, `user_id`, `body`, `filename`, `size`, `metadata`, `created_at`, `updated_at`) VALUES ('30', '30', '246', 'Fugit tenetur sed aut beatae aspernatur totam quisquam. Praesentium debitis accusantium ut assumenda quis. Sunt quis rerum distinctio. Quas quia iusto voluptatum.', 'qui', 85762, NULL, '2014-12-12 13:30:08', '2008-12-29 17:18:43');
INSERT INTO `media` (`id`, `media_type_id`, `user_id`, `body`, `filename`, `size`, `metadata`, `created_at`, `updated_at`) VALUES ('31', '31', '247', 'Voluptatem tenetur repellat deserunt adipisci et. Aut reiciendis aliquam accusamus corrupti. Vero qui nam ipsam nemo ut. Aspernatur dolores et facilis maiores consectetur unde eum dolore. Rerum aspernatur est ut omnis.', 'aliquid', 703, NULL, '1987-07-23 00:37:01', '1986-10-08 01:15:13');
INSERT INTO `media` (`id`, `media_type_id`, `user_id`, `body`, `filename`, `size`, `metadata`, `created_at`, `updated_at`) VALUES ('32', '32', '251', 'Consequatur alias vel earum nulla iure. Nulla sit labore suscipit iste qui temporibus. Et sint dolorum ut nesciunt non.', 'consequatur', 6654, NULL, '1993-12-28 10:09:00', '1997-07-27 05:55:07');
INSERT INTO `media` (`id`, `media_type_id`, `user_id`, `body`, `filename`, `size`, `metadata`, `created_at`, `updated_at`) VALUES ('33', '33', '252', 'Suscipit minima expedita quisquam aspernatur aut eius. Cupiditate similique velit molestiae ut nihil odio. Quasi tempore labore et nulla aspernatur aut. Perferendis id earum sunt.', 'error', 61091647, NULL, '2012-09-30 17:34:02', '2003-06-17 00:11:34');
INSERT INTO `media` (`id`, `media_type_id`, `user_id`, `body`, `filename`, `size`, `metadata`, `created_at`, `updated_at`) VALUES ('34', '34', '255', 'Nihil aut est vitae consequatur atque. Iste eum velit architecto voluptas consequatur assumenda. Perferendis perferendis assumenda vero eligendi voluptas et.', 'enim', 332726813, NULL, '2010-06-04 03:47:13', '1992-02-16 10:28:51');
INSERT INTO `media` (`id`, `media_type_id`, `user_id`, `body`, `filename`, `size`, `metadata`, `created_at`, `updated_at`) VALUES ('35', '35', '256', 'Inventore aut sunt labore et. Exercitationem voluptatem blanditiis quaerat omnis laborum aut repellat eveniet. Nemo voluptatibus aliquid aut nemo enim. Et dolor tempora sequi.', 'non', 364779, NULL, '2002-12-15 17:49:24', '2014-09-19 23:14:38');
INSERT INTO `media` (`id`, `media_type_id`, `user_id`, `body`, `filename`, `size`, `metadata`, `created_at`, `updated_at`) VALUES ('36', '36', '258', 'Omnis reiciendis rerum in sunt illo nihil. Nemo corrupti est iusto dicta odio. Facilis voluptas perspiciatis iste ut. Et quia porro rerum non id amet.', 'neque', 0, NULL, '1973-11-10 23:48:04', '1972-07-06 08:26:08');
INSERT INTO `media` (`id`, `media_type_id`, `user_id`, `body`, `filename`, `size`, `metadata`, `created_at`, `updated_at`) VALUES ('37', '37', '259', 'Earum est dolores earum eos dolorem et. Cum laborum nobis ut amet deleniti voluptatem. Esse enim ut unde dolorum expedita id.', 'consequatur', 0, NULL, '1982-05-14 13:14:10', '2016-04-08 01:22:28');
INSERT INTO `media` (`id`, `media_type_id`, `user_id`, `body`, `filename`, `size`, `metadata`, `created_at`, `updated_at`) VALUES ('38', '38', '262', 'Fugiat voluptatem praesentium perspiciatis animi qui. Illum laudantium assumenda deleniti quasi soluta. Et assumenda sequi temporibus quisquam nihil aliquid excepturi dolor.', 'dignissimos', 23732, NULL, '1995-09-07 11:46:35', '2012-05-16 03:29:35');
INSERT INTO `media` (`id`, `media_type_id`, `user_id`, `body`, `filename`, `size`, `metadata`, `created_at`, `updated_at`) VALUES ('39', '39', '263', 'Voluptas libero ut et quia accusamus et. Qui exercitationem sunt nobis aspernatur minima vel nisi. Et quo odio dolorum eligendi.', 'et', 2366405, NULL, '1993-07-15 14:01:53', '2006-04-19 00:03:45');
INSERT INTO `media` (`id`, `media_type_id`, `user_id`, `body`, `filename`, `size`, `metadata`, `created_at`, `updated_at`) VALUES ('40', '40', '265', 'Saepe facere dolor quia quaerat similique nihil. Et adipisci laboriosam eos deleniti. Dolor laboriosam qui aperiam cum deserunt. Labore non velit illo nihil.', 'soluta', 5647, NULL, '1996-02-04 21:47:54', '1989-08-10 05:43:04');
INSERT INTO `media` (`id`, `media_type_id`, `user_id`, `body`, `filename`, `size`, `metadata`, `created_at`, `updated_at`) VALUES ('41', '41', '267', 'Dignissimos impedit nihil in et enim ut possimus. Voluptatibus omnis est saepe vel molestiae quam vitae. Porro repellendus aliquam est incidunt rerum.', 'quibusdam', 0, NULL, '2010-12-09 19:58:45', '1986-01-11 19:20:58');
INSERT INTO `media` (`id`, `media_type_id`, `user_id`, `body`, `filename`, `size`, `metadata`, `created_at`, `updated_at`) VALUES ('42', '42', '270', 'Qui vitae culpa et commodi quis consequatur dolore. Minus dolorum doloribus et velit. Aspernatur est et illum aliquid quis nesciunt.', 'illo', 201905, NULL, '2004-05-13 03:53:29', '1998-05-20 06:40:17');
INSERT INTO `media` (`id`, `media_type_id`, `user_id`, `body`, `filename`, `size`, `metadata`, `created_at`, `updated_at`) VALUES ('43', '43', '271', 'Omnis et aliquid laudantium aliquam fugiat modi voluptatem doloremque. Sint nostrum mollitia reiciendis tempora. In enim repellat nam accusantium dignissimos.', 'iure', 28813123, NULL, '2000-05-16 22:07:50', '1970-10-26 01:50:54');


INSERT INTO `photo_albums` (`id`, `name`, `user_id`) VALUES ('1', 'consequatur', '201');
INSERT INTO `photo_albums` (`id`, `name`, `user_id`) VALUES ('2', 'quasi', '202');
INSERT INTO `photo_albums` (`id`, `name`, `user_id`) VALUES ('3', 'quas', '204');
INSERT INTO `photo_albums` (`id`, `name`, `user_id`) VALUES ('4', 'non', '205');
INSERT INTO `photo_albums` (`id`, `name`, `user_id`) VALUES ('5', 'illo', '206');
INSERT INTO `photo_albums` (`id`, `name`, `user_id`) VALUES ('6', 'dolor', '209');
INSERT INTO `photo_albums` (`id`, `name`, `user_id`) VALUES ('7', 'illo', '211');
INSERT INTO `photo_albums` (`id`, `name`, `user_id`) VALUES ('8', 'rerum', '213');
INSERT INTO `photo_albums` (`id`, `name`, `user_id`) VALUES ('9', 'corporis', '214');
INSERT INTO `photo_albums` (`id`, `name`, `user_id`) VALUES ('10', 'voluptatem', '216');
INSERT INTO `photo_albums` (`id`, `name`, `user_id`) VALUES ('11', 'eum', '217');
INSERT INTO `photo_albums` (`id`, `name`, `user_id`) VALUES ('12', 'placeat', '218');
INSERT INTO `photo_albums` (`id`, `name`, `user_id`) VALUES ('13', 'amet', '219');
INSERT INTO `photo_albums` (`id`, `name`, `user_id`) VALUES ('14', 'veniam', '221');
INSERT INTO `photo_albums` (`id`, `name`, `user_id`) VALUES ('15', 'itaque', '222');
INSERT INTO `photo_albums` (`id`, `name`, `user_id`) VALUES ('16', 'quis', '223');
INSERT INTO `photo_albums` (`id`, `name`, `user_id`) VALUES ('17', 'earum', '226');
INSERT INTO `photo_albums` (`id`, `name`, `user_id`) VALUES ('18', 'modi', '227');
INSERT INTO `photo_albums` (`id`, `name`, `user_id`) VALUES ('19', 'eveniet', '228');
INSERT INTO `photo_albums` (`id`, `name`, `user_id`) VALUES ('20', 'labore', '230');
INSERT INTO `photo_albums` (`id`, `name`, `user_id`) VALUES ('21', 'voluptatem', '231');
INSERT INTO `photo_albums` (`id`, `name`, `user_id`) VALUES ('22', 'aperiam', '232');
INSERT INTO `photo_albums` (`id`, `name`, `user_id`) VALUES ('23', 'quam', '233');
INSERT INTO `photo_albums` (`id`, `name`, `user_id`) VALUES ('24', 'necessitatibus', '237');
INSERT INTO `photo_albums` (`id`, `name`, `user_id`) VALUES ('25', 'ut', '238');
INSERT INTO `photo_albums` (`id`, `name`, `user_id`) VALUES ('26', 'et', '240');
INSERT INTO `photo_albums` (`id`, `name`, `user_id`) VALUES ('27', 'libero', '241');
INSERT INTO `photo_albums` (`id`, `name`, `user_id`) VALUES ('28', 'porro', '242');
INSERT INTO `photo_albums` (`id`, `name`, `user_id`) VALUES ('29', 'ratione', '243');
INSERT INTO `photo_albums` (`id`, `name`, `user_id`) VALUES ('30', 'excepturi', '246');
INSERT INTO `photo_albums` (`id`, `name`, `user_id`) VALUES ('31', 'magnam', '247');
INSERT INTO `photo_albums` (`id`, `name`, `user_id`) VALUES ('32', 'totam', '251');
INSERT INTO `photo_albums` (`id`, `name`, `user_id`) VALUES ('33', 'ad', '252');
INSERT INTO `photo_albums` (`id`, `name`, `user_id`) VALUES ('34', 'nostrum', '255');
INSERT INTO `photo_albums` (`id`, `name`, `user_id`) VALUES ('35', 'veritatis', '256');
INSERT INTO `photo_albums` (`id`, `name`, `user_id`) VALUES ('36', 'velit', '258');
INSERT INTO `photo_albums` (`id`, `name`, `user_id`) VALUES ('37', 'corporis', '259');
INSERT INTO `photo_albums` (`id`, `name`, `user_id`) VALUES ('38', 'est', '262');
INSERT INTO `photo_albums` (`id`, `name`, `user_id`) VALUES ('39', 'qui', '263');
INSERT INTO `photo_albums` (`id`, `name`, `user_id`) VALUES ('40', 'officiis', '265');
INSERT INTO `photo_albums` (`id`, `name`, `user_id`) VALUES ('41', 'aperiam', '267');
INSERT INTO `photo_albums` (`id`, `name`, `user_id`) VALUES ('42', 'dolore', '270');
INSERT INTO `photo_albums` (`id`, `name`, `user_id`) VALUES ('43', 'in', '271');
INSERT INTO `photo_albums` (`id`, `name`, `user_id`) VALUES ('44', 'a', '272');
INSERT INTO `photo_albums` (`id`, `name`, `user_id`) VALUES ('45', 'inventore', '279');
INSERT INTO `photo_albums` (`id`, `name`, `user_id`) VALUES ('46', 'facilis', '280');
INSERT INTO `photo_albums` (`id`, `name`, `user_id`) VALUES ('47', 'sed', '281');
INSERT INTO `photo_albums` (`id`, `name`, `user_id`) VALUES ('48', 'expedita', '282');
INSERT INTO `photo_albums` (`id`, `name`, `user_id`) VALUES ('49', 'maiores', '283');
INSERT INTO `photo_albums` (`id`, `name`, `user_id`) VALUES ('50', 'ratione', '284');
INSERT INTO `photo_albums` (`id`, `name`, `user_id`) VALUES ('51', 'necessitatibus', '285');
INSERT INTO `photo_albums` (`id`, `name`, `user_id`) VALUES ('52', 'quo', '288');
INSERT INTO `photo_albums` (`id`, `name`, `user_id`) VALUES ('53', 'quo', '289');
INSERT INTO `photo_albums` (`id`, `name`, `user_id`) VALUES ('54', 'quia', '290');
INSERT INTO `photo_albums` (`id`, `name`, `user_id`) VALUES ('55', 'hic', '291');
INSERT INTO `photo_albums` (`id`, `name`, `user_id`) VALUES ('56', 'consectetur', '292');
INSERT INTO `photo_albums` (`id`, `name`, `user_id`) VALUES ('57', 'rerum', '296');
INSERT INTO `photo_albums` (`id`, `name`, `user_id`) VALUES ('58', 'at', '298');
INSERT INTO `photo_albums` (`id`, `name`, `user_id`) VALUES ('59', 'officia', '299');
INSERT INTO `photo_albums` (`id`, `name`, `user_id`) VALUES ('60', 'ea', '300');
INSERT INTO `photo_albums` (`id`, `name`, `user_id`) VALUES ('61', 'assumenda', '301');
INSERT INTO `photo_albums` (`id`, `name`, `user_id`) VALUES ('62', 'aspernatur', '302');
INSERT INTO `photo_albums` (`id`, `name`, `user_id`) VALUES ('63', 'aut', '303');
INSERT INTO `photo_albums` (`id`, `name`, `user_id`) VALUES ('64', 'non', '304');
INSERT INTO `photo_albums` (`id`, `name`, `user_id`) VALUES ('65', 'quaerat', '309');
INSERT INTO `photo_albums` (`id`, `name`, `user_id`) VALUES ('66', 'fugiat', '310');
INSERT INTO `photo_albums` (`id`, `name`, `user_id`) VALUES ('67', 'quia', '313');
INSERT INTO `photo_albums` (`id`, `name`, `user_id`) VALUES ('68', 'vel', '314');
INSERT INTO `photo_albums` (`id`, `name`, `user_id`) VALUES ('69', 'consequatur', '315');
INSERT INTO `photo_albums` (`id`, `name`, `user_id`) VALUES ('70', 'et', '320');
INSERT INTO `photo_albums` (`id`, `name`, `user_id`) VALUES ('71', 'consequatur', '321');
INSERT INTO `photo_albums` (`id`, `name`, `user_id`) VALUES ('72', 'nihil', '322');
INSERT INTO `photo_albums` (`id`, `name`, `user_id`) VALUES ('73', 'laborum', '324');
INSERT INTO `photo_albums` (`id`, `name`, `user_id`) VALUES ('74', 'earum', '325');
INSERT INTO `photo_albums` (`id`, `name`, `user_id`) VALUES ('75', 'rerum', '326');
INSERT INTO `photo_albums` (`id`, `name`, `user_id`) VALUES ('76', 'odit', '327');
INSERT INTO `photo_albums` (`id`, `name`, `user_id`) VALUES ('77', 'quis', '328');
INSERT INTO `photo_albums` (`id`, `name`, `user_id`) VALUES ('78', 'cum', '329');
INSERT INTO `photo_albums` (`id`, `name`, `user_id`) VALUES ('79', 'illo', '330');
INSERT INTO `photo_albums` (`id`, `name`, `user_id`) VALUES ('80', 'quia', '334');
INSERT INTO `photo_albums` (`id`, `name`, `user_id`) VALUES ('81', 'sunt', '335');
INSERT INTO `photo_albums` (`id`, `name`, `user_id`) VALUES ('82', 'veniam', '336');
INSERT INTO `photo_albums` (`id`, `name`, `user_id`) VALUES ('83', 'omnis', '337');
INSERT INTO `photo_albums` (`id`, `name`, `user_id`) VALUES ('84', 'molestiae', '340');
INSERT INTO `photo_albums` (`id`, `name`, `user_id`) VALUES ('85', 'perspiciatis', '341');
INSERT INTO `photo_albums` (`id`, `name`, `user_id`) VALUES ('86', 'qui', '342');
INSERT INTO `photo_albums` (`id`, `name`, `user_id`) VALUES ('87', 'aut', '345');
INSERT INTO `photo_albums` (`id`, `name`, `user_id`) VALUES ('88', 'odio', '346');
INSERT INTO `photo_albums` (`id`, `name`, `user_id`) VALUES ('89', 'quis', '348');
INSERT INTO `photo_albums` (`id`, `name`, `user_id`) VALUES ('90', 'placeat', '349');
INSERT INTO `photo_albums` (`id`, `name`, `user_id`) VALUES ('91', 'similique', '351');
INSERT INTO `photo_albums` (`id`, `name`, `user_id`) VALUES ('92', 'dolores', '354');
INSERT INTO `photo_albums` (`id`, `name`, `user_id`) VALUES ('93', 'magni', '356');
INSERT INTO `photo_albums` (`id`, `name`, `user_id`) VALUES ('94', 'nihil', '361');
INSERT INTO `photo_albums` (`id`, `name`, `user_id`) VALUES ('95', 'quo', '363');
INSERT INTO `photo_albums` (`id`, `name`, `user_id`) VALUES ('96', 'sit', '371');
INSERT INTO `photo_albums` (`id`, `name`, `user_id`) VALUES ('97', 'nesciunt', '372');
INSERT INTO `photo_albums` (`id`, `name`, `user_id`) VALUES ('98', 'nostrum', '373');
INSERT INTO `photo_albums` (`id`, `name`, `user_id`) VALUES ('99', 'modi', '374');
INSERT INTO `photo_albums` (`id`, `name`, `user_id`) VALUES ('100', 'enim', '375');

INSERT INTO `photos` (`id`, `album_id`, `media_id`) VALUES ('1', '1', '1');
INSERT INTO `photos` (`id`, `album_id`, `media_id`) VALUES ('2', '2', '2');
INSERT INTO `photos` (`id`, `album_id`, `media_id`) VALUES ('3', '3', '3');
INSERT INTO `photos` (`id`, `album_id`, `media_id`) VALUES ('4', '4', '4');
INSERT INTO `photos` (`id`, `album_id`, `media_id`) VALUES ('5', '5', '5');
INSERT INTO `photos` (`id`, `album_id`, `media_id`) VALUES ('6', '6', '6');
INSERT INTO `photos` (`id`, `album_id`, `media_id`) VALUES ('7', '7', '7');
INSERT INTO `photos` (`id`, `album_id`, `media_id`) VALUES ('8', '8', '8');
INSERT INTO `photos` (`id`, `album_id`, `media_id`) VALUES ('9', '9', '9');
INSERT INTO `photos` (`id`, `album_id`, `media_id`) VALUES ('10', '10', '10');
INSERT INTO `photos` (`id`, `album_id`, `media_id`) VALUES ('11', '11', '11');
INSERT INTO `photos` (`id`, `album_id`, `media_id`) VALUES ('12', '12', '12');
INSERT INTO `photos` (`id`, `album_id`, `media_id`) VALUES ('13', '13', '13');
INSERT INTO `photos` (`id`, `album_id`, `media_id`) VALUES ('14', '14', '14');
INSERT INTO `photos` (`id`, `album_id`, `media_id`) VALUES ('15', '15', '15');
INSERT INTO `photos` (`id`, `album_id`, `media_id`) VALUES ('16', '16', '16');
INSERT INTO `photos` (`id`, `album_id`, `media_id`) VALUES ('17', '17', '17');
INSERT INTO `photos` (`id`, `album_id`, `media_id`) VALUES ('18', '18', '18');
INSERT INTO `photos` (`id`, `album_id`, `media_id`) VALUES ('19', '19', '19');
INSERT INTO `photos` (`id`, `album_id`, `media_id`) VALUES ('20', '20', '20');
INSERT INTO `photos` (`id`, `album_id`, `media_id`) VALUES ('21', '21', '21');
INSERT INTO `photos` (`id`, `album_id`, `media_id`) VALUES ('22', '22', '22');
INSERT INTO `photos` (`id`, `album_id`, `media_id`) VALUES ('23', '23', '23');
INSERT INTO `photos` (`id`, `album_id`, `media_id`) VALUES ('24', '24', '24');
INSERT INTO `photos` (`id`, `album_id`, `media_id`) VALUES ('25', '25', '25');
INSERT INTO `photos` (`id`, `album_id`, `media_id`) VALUES ('26', '26', '26');
INSERT INTO `photos` (`id`, `album_id`, `media_id`) VALUES ('27', '27', '27');
INSERT INTO `photos` (`id`, `album_id`, `media_id`) VALUES ('28', '28', '28');
INSERT INTO `photos` (`id`, `album_id`, `media_id`) VALUES ('29', '29', '29');
INSERT INTO `photos` (`id`, `album_id`, `media_id`) VALUES ('30', '30', '30');
INSERT INTO `photos` (`id`, `album_id`, `media_id`) VALUES ('31', '31', '31');
INSERT INTO `photos` (`id`, `album_id`, `media_id`) VALUES ('32', '32', '32');
INSERT INTO `photos` (`id`, `album_id`, `media_id`) VALUES ('33', '33', '33');
INSERT INTO `photos` (`id`, `album_id`, `media_id`) VALUES ('34', '34', '34');
INSERT INTO `photos` (`id`, `album_id`, `media_id`) VALUES ('35', '35', '35');
INSERT INTO `photos` (`id`, `album_id`, `media_id`) VALUES ('36', '36', '36');
INSERT INTO `photos` (`id`, `album_id`, `media_id`) VALUES ('37', '37', '37');
INSERT INTO `photos` (`id`, `album_id`, `media_id`) VALUES ('38', '38', '38');
INSERT INTO `photos` (`id`, `album_id`, `media_id`) VALUES ('39', '39', '39');
INSERT INTO `photos` (`id`, `album_id`, `media_id`) VALUES ('40', '40', '40');
INSERT INTO `photos` (`id`, `album_id`, `media_id`) VALUES ('41', '41', '41');
INSERT INTO `photos` (`id`, `album_id`, `media_id`) VALUES ('42', '42', '42');
INSERT INTO `photos` (`id`, `album_id`, `media_id`) VALUES ('43', '43', '43');


INSERT INTO `profiles` (`user_id`, `gender`, `birthday`, `photo_id`, `created_at`, `hometown`) VALUES ('201', NULL, '1972-07-04', '1', '2002-02-21 19:58:57', NULL);
INSERT INTO `profiles` (`user_id`, `gender`, `birthday`, `photo_id`, `created_at`, `hometown`) VALUES ('202', NULL, '1973-08-06', '2', '1998-03-16 23:40:18', NULL);
INSERT INTO `profiles` (`user_id`, `gender`, `birthday`, `photo_id`, `created_at`, `hometown`) VALUES ('204', NULL, '1996-04-23', '3', '2005-07-11 06:43:04', NULL);
INSERT INTO `profiles` (`user_id`, `gender`, `birthday`, `photo_id`, `created_at`, `hometown`) VALUES ('205', NULL, '1988-01-25', '4', '2002-10-07 17:05:11', NULL);
INSERT INTO `profiles` (`user_id`, `gender`, `birthday`, `photo_id`, `created_at`, `hometown`) VALUES ('206', NULL, '2001-05-25', '5', '1973-04-05 16:30:23', NULL);
INSERT INTO `profiles` (`user_id`, `gender`, `birthday`, `photo_id`, `created_at`, `hometown`) VALUES ('209', NULL, '1975-01-13', '6', '1997-07-21 17:16:31', NULL);
INSERT INTO `profiles` (`user_id`, `gender`, `birthday`, `photo_id`, `created_at`, `hometown`) VALUES ('211', NULL, '1971-07-11', '7', '1976-10-07 06:14:39', NULL);
INSERT INTO `profiles` (`user_id`, `gender`, `birthday`, `photo_id`, `created_at`, `hometown`) VALUES ('213', NULL, '1984-10-01', '8', '1980-01-29 13:47:31', NULL);
INSERT INTO `profiles` (`user_id`, `gender`, `birthday`, `photo_id`, `created_at`, `hometown`) VALUES ('214', NULL, '1982-03-30', '9', '1991-06-11 07:38:51', NULL);
INSERT INTO `profiles` (`user_id`, `gender`, `birthday`, `photo_id`, `created_at`, `hometown`) VALUES ('216', NULL, '2017-11-30', '10', '2015-10-04 21:36:11', NULL);
INSERT INTO `profiles` (`user_id`, `gender`, `birthday`, `photo_id`, `created_at`, `hometown`) VALUES ('217', NULL, '1982-01-19', '11', '1975-04-13 10:29:58', NULL);
INSERT INTO `profiles` (`user_id`, `gender`, `birthday`, `photo_id`, `created_at`, `hometown`) VALUES ('218', NULL, '2016-11-13', '12', '1979-10-13 17:33:31', NULL);
INSERT INTO `profiles` (`user_id`, `gender`, `birthday`, `photo_id`, `created_at`, `hometown`) VALUES ('219', NULL, '2000-12-04', '13', '1999-05-28 18:17:21', NULL);
INSERT INTO `profiles` (`user_id`, `gender`, `birthday`, `photo_id`, `created_at`, `hometown`) VALUES ('221', NULL, '1983-04-17', '14', '2010-09-29 14:54:13', NULL);
INSERT INTO `profiles` (`user_id`, `gender`, `birthday`, `photo_id`, `created_at`, `hometown`) VALUES ('222', NULL, '1976-05-06', '15', '2014-08-13 08:13:40', NULL);
INSERT INTO `profiles` (`user_id`, `gender`, `birthday`, `photo_id`, `created_at`, `hometown`) VALUES ('223', NULL, '2013-12-08', '16', '1985-12-12 10:01:06', NULL);
INSERT INTO `profiles` (`user_id`, `gender`, `birthday`, `photo_id`, `created_at`, `hometown`) VALUES ('226', NULL, '1993-01-05', '17', '1989-09-28 05:12:26', NULL);
INSERT INTO `profiles` (`user_id`, `gender`, `birthday`, `photo_id`, `created_at`, `hometown`) VALUES ('227', NULL, '2009-05-09', '18', '1991-04-20 16:22:42', NULL);
INSERT INTO `profiles` (`user_id`, `gender`, `birthday`, `photo_id`, `created_at`, `hometown`) VALUES ('228', NULL, '1989-07-14', '19', '1978-03-01 21:00:59', NULL);
INSERT INTO `profiles` (`user_id`, `gender`, `birthday`, `photo_id`, `created_at`, `hometown`) VALUES ('230', NULL, '1978-06-21', '20', '1988-09-08 15:43:17', NULL);
INSERT INTO `profiles` (`user_id`, `gender`, `birthday`, `photo_id`, `created_at`, `hometown`) VALUES ('231', NULL, '1992-06-01', '21', '1987-06-02 22:45:46', NULL);
INSERT INTO `profiles` (`user_id`, `gender`, `birthday`, `photo_id`, `created_at`, `hometown`) VALUES ('232', NULL, '1998-08-21', '22', '2002-11-12 23:23:22', NULL);
INSERT INTO `profiles` (`user_id`, `gender`, `birthday`, `photo_id`, `created_at`, `hometown`) VALUES ('233', NULL, '1971-05-07', '23', '1975-05-18 07:05:39', NULL);
INSERT INTO `profiles` (`user_id`, `gender`, `birthday`, `photo_id`, `created_at`, `hometown`) VALUES ('237', NULL, '2002-10-31', '24', '2018-08-12 18:02:47', NULL);
INSERT INTO `profiles` (`user_id`, `gender`, `birthday`, `photo_id`, `created_at`, `hometown`) VALUES ('238', NULL, '1972-11-12', '25', '2003-10-27 05:00:52', NULL);
INSERT INTO `profiles` (`user_id`, `gender`, `birthday`, `photo_id`, `created_at`, `hometown`) VALUES ('240', NULL, '2006-05-18', '26', '2003-01-19 15:16:06', NULL);
INSERT INTO `profiles` (`user_id`, `gender`, `birthday`, `photo_id`, `created_at`, `hometown`) VALUES ('241', NULL, '1998-02-21', '27', '1975-12-13 01:47:09', NULL);
INSERT INTO `profiles` (`user_id`, `gender`, `birthday`, `photo_id`, `created_at`, `hometown`) VALUES ('242', NULL, '1979-09-25', '28', '2013-07-05 10:54:16', NULL);
INSERT INTO `profiles` (`user_id`, `gender`, `birthday`, `photo_id`, `created_at`, `hometown`) VALUES ('243', NULL, '1973-09-18', '29', '1977-08-24 05:16:23', NULL);
INSERT INTO `profiles` (`user_id`, `gender`, `birthday`, `photo_id`, `created_at`, `hometown`) VALUES ('246', NULL, '2006-06-24', '30', '1984-02-20 00:50:59', NULL);
INSERT INTO `profiles` (`user_id`, `gender`, `birthday`, `photo_id`, `created_at`, `hometown`) VALUES ('247', NULL, '1976-10-20', '31', '1979-01-03 14:10:54', NULL);
INSERT INTO `profiles` (`user_id`, `gender`, `birthday`, `photo_id`, `created_at`, `hometown`) VALUES ('251', NULL, '2013-10-29', '32', '1985-06-25 17:43:14', NULL);
INSERT INTO `profiles` (`user_id`, `gender`, `birthday`, `photo_id`, `created_at`, `hometown`) VALUES ('252', NULL, '1980-08-01', '33', '1986-07-30 20:19:43', NULL);
INSERT INTO `profiles` (`user_id`, `gender`, `birthday`, `photo_id`, `created_at`, `hometown`) VALUES ('255', NULL, '1971-03-03', '34', '1982-05-16 00:14:38', NULL);
INSERT INTO `profiles` (`user_id`, `gender`, `birthday`, `photo_id`, `created_at`, `hometown`) VALUES ('256', NULL, '2013-07-13', '35', '2001-03-27 05:46:48', NULL);
INSERT INTO `profiles` (`user_id`, `gender`, `birthday`, `photo_id`, `created_at`, `hometown`) VALUES ('258', NULL, '2019-08-13', '36', '2010-10-19 07:51:16', NULL);
INSERT INTO `profiles` (`user_id`, `gender`, `birthday`, `photo_id`, `created_at`, `hometown`) VALUES ('259', NULL, '2000-09-07', '37', '2006-08-23 07:39:48', NULL);
INSERT INTO `profiles` (`user_id`, `gender`, `birthday`, `photo_id`, `created_at`, `hometown`) VALUES ('262', NULL, '1978-12-08', '38', '2003-10-18 09:41:20', NULL);
INSERT INTO `profiles` (`user_id`, `gender`, `birthday`, `photo_id`, `created_at`, `hometown`) VALUES ('263', NULL, '1997-05-15', '39', '1974-08-04 05:49:30', NULL);
INSERT INTO `profiles` (`user_id`, `gender`, `birthday`, `photo_id`, `created_at`, `hometown`) VALUES ('265', NULL, '1991-07-23', '40', '1979-08-29 19:34:28', NULL);
INSERT INTO `profiles` (`user_id`, `gender`, `birthday`, `photo_id`, `created_at`, `hometown`) VALUES ('267', NULL, '1985-02-24', '41', '1989-01-29 04:38:48', NULL);
INSERT INTO `profiles` (`user_id`, `gender`, `birthday`, `photo_id`, `created_at`, `hometown`) VALUES ('270', NULL, '2016-08-09', '42', '1986-09-07 15:37:34', NULL);
INSERT INTO `profiles` (`user_id`, `gender`, `birthday`, `photo_id`, `created_at`, `hometown`) VALUES ('271', NULL, '1984-03-04', '43', '1990-01-24 05:09:57', NULL);

INSERT INTO `likes_profile` (`id`, `user_id`, `profile_id`, `created_at`) VALUES ('1', '201', '201', '1971-09-24 12:20:53');
INSERT INTO `likes_profile` (`id`, `user_id`, `profile_id`, `created_at`) VALUES ('2', '202', '202', '2020-09-24 16:58:22');
INSERT INTO `likes_profile` (`id`, `user_id`, `profile_id`, `created_at`) VALUES ('3', '204', '204', '1986-01-04 07:58:19');
INSERT INTO `likes_profile` (`id`, `user_id`, `profile_id`, `created_at`) VALUES ('4', '205', '205', '1973-03-07 05:46:42');
INSERT INTO `likes_profile` (`id`, `user_id`, `profile_id`, `created_at`) VALUES ('5', '206', '206', '2018-06-26 22:59:22');
INSERT INTO `likes_profile` (`id`, `user_id`, `profile_id`, `created_at`) VALUES ('6', '209', '209', '2015-07-26 14:02:44');
INSERT INTO `likes_profile` (`id`, `user_id`, `profile_id`, `created_at`) VALUES ('7', '211', '211', '2000-03-02 03:34:38');
INSERT INTO `likes_profile` (`id`, `user_id`, `profile_id`, `created_at`) VALUES ('8', '213', '213', '2015-06-03 10:49:07');
INSERT INTO `likes_profile` (`id`, `user_id`, `profile_id`, `created_at`) VALUES ('9', '214', '214', '2002-07-31 07:06:28');
INSERT INTO `likes_profile` (`id`, `user_id`, `profile_id`, `created_at`) VALUES ('10', '216', '216', '1977-03-13 21:16:13');
INSERT INTO `likes_profile` (`id`, `user_id`, `profile_id`, `created_at`) VALUES ('11', '217', '217', '1993-07-21 22:20:28');
INSERT INTO `likes_profile` (`id`, `user_id`, `profile_id`, `created_at`) VALUES ('12', '218', '218', '1992-10-18 23:02:32');
INSERT INTO `likes_profile` (`id`, `user_id`, `profile_id`, `created_at`) VALUES ('13', '219', '219', '1974-09-09 23:56:00');
INSERT INTO `likes_profile` (`id`, `user_id`, `profile_id`, `created_at`) VALUES ('14', '221', '221', '1977-12-26 04:32:35');
INSERT INTO `likes_profile` (`id`, `user_id`, `profile_id`, `created_at`) VALUES ('15', '222', '222', '1970-03-17 05:52:22');
INSERT INTO `likes_profile` (`id`, `user_id`, `profile_id`, `created_at`) VALUES ('16', '223', '223', '2006-11-29 08:22:58');
INSERT INTO `likes_profile` (`id`, `user_id`, `profile_id`, `created_at`) VALUES ('17', '226', '226', '1972-07-20 00:02:46');
INSERT INTO `likes_profile` (`id`, `user_id`, `profile_id`, `created_at`) VALUES ('18', '227', '227', '1977-03-17 11:41:47');
INSERT INTO `likes_profile` (`id`, `user_id`, `profile_id`, `created_at`) VALUES ('19', '228', '228', '1977-04-18 03:40:56');
INSERT INTO `likes_profile` (`id`, `user_id`, `profile_id`, `created_at`) VALUES ('20', '230', '230', '2000-09-30 00:55:19');
INSERT INTO `likes_profile` (`id`, `user_id`, `profile_id`, `created_at`) VALUES ('21', '231', '231', '1982-07-05 06:12:04');
INSERT INTO `likes_profile` (`id`, `user_id`, `profile_id`, `created_at`) VALUES ('22', '232', '232', '1982-09-16 07:02:31');
INSERT INTO `likes_profile` (`id`, `user_id`, `profile_id`, `created_at`) VALUES ('23', '233', '233', '2005-06-07 07:41:16');
INSERT INTO `likes_profile` (`id`, `user_id`, `profile_id`, `created_at`) VALUES ('24', '237', '237', '1990-01-22 19:34:32');
INSERT INTO `likes_profile` (`id`, `user_id`, `profile_id`, `created_at`) VALUES ('25', '238', '238', '2004-03-11 14:45:06');
INSERT INTO `likes_profile` (`id`, `user_id`, `profile_id`, `created_at`) VALUES ('26', '240', '240', '1986-11-18 13:21:03');
INSERT INTO `likes_profile` (`id`, `user_id`, `profile_id`, `created_at`) VALUES ('27', '241', '241', '1994-01-03 19:28:26');
INSERT INTO `likes_profile` (`id`, `user_id`, `profile_id`, `created_at`) VALUES ('28', '242', '242', '1984-11-19 02:10:14');
INSERT INTO `likes_profile` (`id`, `user_id`, `profile_id`, `created_at`) VALUES ('29', '243', '243', '1999-01-11 08:25:27');

INSERT INTO `messages` (`id`, `from_user_id`, `to_user_id`, `body`, `created_at`) VALUES ('1', '201', '201', 'Sequi omnis inventore et et. Debitis consequatur rerum vel ipsum officia atque. Velit voluptate fugit enim placeat nihil et.', '2016-04-03 08:39:25');
INSERT INTO `messages` (`id`, `from_user_id`, `to_user_id`, `body`, `created_at`) VALUES ('2', '202', '202', 'Voluptatum rerum provident dolorum ex voluptatum provident. Praesentium est quia quasi omnis est repudiandae saepe. Fugiat vel voluptate dolorem sit illum eum nemo autem. Amet qui sit mollitia ipsam.', '1987-11-06 07:11:49');
INSERT INTO `messages` (`id`, `from_user_id`, `to_user_id`, `body`, `created_at`) VALUES ('3', '204', '204', 'Ea ut vitae aut ipsa. Provident non perspiciatis soluta dolore qui. Voluptatibus veritatis rerum sint et officia.', '2014-12-19 13:49:50');
INSERT INTO `messages` (`id`, `from_user_id`, `to_user_id`, `body`, `created_at`) VALUES ('4', '205', '205', 'Fugit provident voluptates ratione rerum omnis quibusdam. Est nisi cum expedita omnis praesentium explicabo. Et dolores eos et fugit fugit praesentium culpa.', '1984-04-18 18:42:08');
INSERT INTO `messages` (`id`, `from_user_id`, `to_user_id`, `body`, `created_at`) VALUES ('5', '206', '206', 'Deleniti ullam alias cupiditate quibusdam blanditiis reprehenderit saepe error. Velit dolor minus in deserunt ea et. Dolores recusandae ipsa veniam sapiente. Necessitatibus non ut saepe.', '1998-01-18 09:43:13');
INSERT INTO `messages` (`id`, `from_user_id`, `to_user_id`, `body`, `created_at`) VALUES ('6', '209', '209', 'Eos in tempore velit harum eos. Iusto aut porro unde est ut recusandae deleniti. Exercitationem voluptatum accusantium est eaque unde. Consectetur dignissimos laborum autem sit dolores provident.', '1972-04-12 14:08:39');
INSERT INTO `messages` (`id`, `from_user_id`, `to_user_id`, `body`, `created_at`) VALUES ('7', '211', '211', 'Sapiente animi dicta omnis voluptatem et maiores aut excepturi. Repudiandae dolorem aliquam temporibus modi dolor velit. Ipsum cum quis aliquam doloremque adipisci aliquam quia quibusdam. Provident quibusdam quisquam facilis aliquam nulla.', '1979-11-19 03:39:15');
INSERT INTO `messages` (`id`, `from_user_id`, `to_user_id`, `body`, `created_at`) VALUES ('8', '213', '213', 'Et et sit inventore ea maxime totam corporis. Quia praesentium autem aliquam provident nam. Rerum nam minima nemo vel aut eius aliquid omnis.', '2000-02-19 04:56:33');
INSERT INTO `messages` (`id`, `from_user_id`, `to_user_id`, `body`, `created_at`) VALUES ('9', '214', '214', 'Corporis ut est aut id cumque possimus doloribus. Temporibus omnis modi sit eos. Sit et omnis voluptatibus laborum qui deleniti consequuntur. Eum doloribus iure labore.', '1993-11-07 09:11:38');
INSERT INTO `messages` (`id`, `from_user_id`, `to_user_id`, `body`, `created_at`) VALUES ('10', '216', '216', 'Itaque totam exercitationem velit est ut soluta. Ducimus aliquam rerum id ad quibusdam omnis est voluptatum. Aut quis sequi deserunt.', '1986-07-28 04:32:45');
INSERT INTO `messages` (`id`, `from_user_id`, `to_user_id`, `body`, `created_at`) VALUES ('11', '217', '217', 'Voluptates reprehenderit quis recusandae sunt. Aut vitae unde fugit aliquam voluptatem quod aspernatur. Aliquid dignissimos molestiae non nisi. Eos sit nihil unde animi odit.', '2000-10-21 20:48:32');
INSERT INTO `messages` (`id`, `from_user_id`, `to_user_id`, `body`, `created_at`) VALUES ('12', '218', '218', 'Et minus exercitationem voluptatem ea molestiae libero. Consectetur dolores nemo ipsam voluptates deserunt qui cumque. Dolorem aut voluptatibus ut praesentium molestiae exercitationem.', '2017-08-05 14:28:52');
INSERT INTO `messages` (`id`, `from_user_id`, `to_user_id`, `body`, `created_at`) VALUES ('13', '219', '219', 'Asperiores in et autem alias dicta recusandae a soluta. Beatae ad et consequatur veniam exercitationem voluptatum provident commodi. Est blanditiis qui quas omnis eligendi. Aut sit non impedit ipsum doloribus perspiciatis est. Laboriosam officiis ad neque at dolore iusto nihil.', '1971-02-14 07:35:49');
INSERT INTO `messages` (`id`, `from_user_id`, `to_user_id`, `body`, `created_at`) VALUES ('14', '221', '221', 'Voluptates incidunt voluptas cupiditate sint eum neque qui. Iure quidem nostrum facere eveniet aut autem sint. Magni et laudantium nihil quidem voluptatem.', '1970-10-19 21:21:45');
INSERT INTO `messages` (`id`, `from_user_id`, `to_user_id`, `body`, `created_at`) VALUES ('15', '222', '222', 'Neque voluptas voluptates nam quam voluptatibus. Atque qui nesciunt sit saepe cum. Eos accusantium assumenda esse modi. Ratione dolore doloribus quisquam nihil sequi ut.', '2004-05-04 09:54:10');
INSERT INTO `messages` (`id`, `from_user_id`, `to_user_id`, `body`, `created_at`) VALUES ('16', '223', '223', 'Quo ea sit et voluptatibus eveniet nemo. Quia laudantium iure saepe dolores eveniet quia. Accusamus libero quo voluptas dicta et pariatur aut. Quo vel sunt quia totam nostrum molestias provident aut. Atque fuga illum ex ipsam vitae cum expedita.', '2020-12-09 11:24:43');
INSERT INTO `messages` (`id`, `from_user_id`, `to_user_id`, `body`, `created_at`) VALUES ('17', '226', '226', 'Porro officia nemo ipsa optio magni autem. Quo non deleniti aliquid vel ipsa nesciunt qui.', '2017-08-23 05:30:12');
INSERT INTO `messages` (`id`, `from_user_id`, `to_user_id`, `body`, `created_at`) VALUES ('18', '227', '227', 'Magnam quos illo omnis quaerat voluptas. Dolorum atque et architecto sit qui. Quisquam accusamus aspernatur dolorum dolorem tempore. Quisquam omnis maiores nihil fuga amet non suscipit. Omnis et error et et.', '1983-11-30 08:42:15');
INSERT INTO `messages` (`id`, `from_user_id`, `to_user_id`, `body`, `created_at`) VALUES ('19', '228', '228', 'Quisquam cupiditate et tempore aut quaerat similique reiciendis. Ducimus aut ut autem deleniti autem nihil.', '1991-08-17 20:30:33');
INSERT INTO `messages` (`id`, `from_user_id`, `to_user_id`, `body`, `created_at`) VALUES ('20', '230', '230', 'Molestias et quo voluptas. Earum quis adipisci deleniti quisquam. Dolorum delectus officiis doloribus magni voluptas voluptas quaerat. Illum natus repudiandae provident est.', '1987-06-13 03:49:10');
INSERT INTO `messages` (`id`, `from_user_id`, `to_user_id`, `body`, `created_at`) VALUES ('21', '231', '231', 'Eos unde sed veritatis occaecati. Modi voluptatem pariatur dolorem vitae reprehenderit necessitatibus eveniet distinctio. Vero impedit impedit dolores officia quidem. Nihil et dolorum rem fugit quis quia occaecati.', '1998-12-22 05:52:14');
INSERT INTO `messages` (`id`, `from_user_id`, `to_user_id`, `body`, `created_at`) VALUES ('22', '232', '232', 'Aut dolorem assumenda cumque ullam. Laborum reprehenderit a optio alias eum dolore. Aliquam tempore non et assumenda et aliquid quisquam. Ullam et rerum omnis quia placeat sunt tempora.', '1980-10-02 02:36:12');
INSERT INTO `messages` (`id`, `from_user_id`, `to_user_id`, `body`, `created_at`) VALUES ('23', '233', '233', 'Sed assumenda cumque voluptatem illo voluptatem repudiandae. Et illum veritatis aperiam iure fuga deserunt. Libero rerum maiores dolor aut dolore maiores. Qui facere ad sit consequatur perferendis possimus voluptatem.', '2013-02-11 10:38:57');
INSERT INTO `messages` (`id`, `from_user_id`, `to_user_id`, `body`, `created_at`) VALUES ('24', '237', '237', 'Est et explicabo culpa mollitia quis ut. Vel expedita incidunt dolores. Sit iste commodi praesentium in est. Tempore ut consequatur amet necessitatibus. Rerum nulla est perspiciatis eum earum in voluptatem.', '1998-06-15 15:50:03');
INSERT INTO `messages` (`id`, `from_user_id`, `to_user_id`, `body`, `created_at`) VALUES ('25', '238', '238', 'Consequatur non quia aut tenetur. Temporibus repudiandae rerum repudiandae labore quae. Dolores repellat non eligendi explicabo ea exercitationem.', '2012-03-31 18:52:31');
INSERT INTO `messages` (`id`, `from_user_id`, `to_user_id`, `body`, `created_at`) VALUES ('26', '240', '240', 'Nesciunt voluptas accusamus sed ut accusantium nisi officiis. Excepturi et aliquam architecto accusantium nisi. Aut impedit fugiat temporibus sit delectus culpa.', '2003-04-21 08:07:04');
INSERT INTO `messages` (`id`, `from_user_id`, `to_user_id`, `body`, `created_at`) VALUES ('27', '241', '241', 'Consequuntur est autem voluptates id asperiores id voluptatibus exercitationem. Ea rerum deleniti soluta quaerat qui quos voluptatem. Qui quaerat suscipit aut consequatur suscipit. Et sunt delectus adipisci cupiditate iste nemo ducimus.', '1972-08-01 17:27:45');
INSERT INTO `messages` (`id`, `from_user_id`, `to_user_id`, `body`, `created_at`) VALUES ('28', '242', '242', 'Minima aspernatur quia dolore sed molestias ipsa. Officiis alias nihil corporis voluptas blanditiis. Dolor sunt recusandae iure rerum nihil. Aut voluptate omnis ducimus consequatur nostrum. Sit amet officia ducimus illum sint.', '2002-09-30 01:17:53');
INSERT INTO `messages` (`id`, `from_user_id`, `to_user_id`, `body`, `created_at`) VALUES ('29', '243', '243', 'Eius quia tenetur quibusdam eaque fugit. Minus nemo eos nihil et ut sint. Impedit eveniet totam sunt accusantium deleniti.', '2011-07-10 21:58:47');
INSERT INTO `messages` (`id`, `from_user_id`, `to_user_id`, `body`, `created_at`) VALUES ('30', '246', '246', 'Ut ipsam quisquam et qui ipsam ut. Ex accusantium sit reprehenderit maxime. Non temporibus molestiae consequatur non. Temporibus qui eos nostrum fugiat est sit.', '1993-04-05 13:31:44');
INSERT INTO `messages` (`id`, `from_user_id`, `to_user_id`, `body`, `created_at`) VALUES ('31', '247', '247', 'Ea veniam sed ut repellat. Magnam est hic nihil. Magnam molestias corrupti nam. Doloremque illo quam ipsum maxime quia eum.', '1991-01-24 21:49:53');
INSERT INTO `messages` (`id`, `from_user_id`, `to_user_id`, `body`, `created_at`) VALUES ('32', '251', '251', 'Laboriosam rerum consequatur cum quo inventore. Provident numquam esse aut aliquam ea fuga occaecati. Molestias et aut aut nisi voluptatibus. At consequatur necessitatibus sed aut quidem corrupti debitis.', '2015-04-27 09:55:29');
INSERT INTO `messages` (`id`, `from_user_id`, `to_user_id`, `body`, `created_at`) VALUES ('33', '252', '252', 'Ut rerum aliquid delectus rerum. Aliquid eum incidunt hic rerum temporibus officiis id. Reiciendis quam quia consectetur laboriosam et. Ipsum eligendi magni distinctio qui saepe aut.', '1987-08-11 19:15:19');
INSERT INTO `messages` (`id`, `from_user_id`, `to_user_id`, `body`, `created_at`) VALUES ('34', '255', '255', 'Sit et architecto molestiae quae sed molestiae consequatur. Voluptas repudiandae non dolore hic culpa est laudantium. Animi vel vel laudantium velit possimus aut adipisci.', '2008-04-04 10:00:46');
INSERT INTO `messages` (`id`, `from_user_id`, `to_user_id`, `body`, `created_at`) VALUES ('35', '256', '256', 'Dolore quas aut sint non qui. Accusamus molestias rerum quos quibusdam nostrum. Unde earum vero repellendus eum.', '2011-02-27 11:08:15');
INSERT INTO `messages` (`id`, `from_user_id`, `to_user_id`, `body`, `created_at`) VALUES ('36', '258', '258', 'Consequatur fuga laudantium qui sit provident laboriosam modi. Ea odio commodi velit tempora dolor qui. Est laudantium fuga sed voluptas. Amet ut sint dignissimos rerum aliquam maxime necessitatibus.', '2004-05-04 09:25:03');
INSERT INTO `messages` (`id`, `from_user_id`, `to_user_id`, `body`, `created_at`) VALUES ('37', '259', '259', 'Molestiae sed architecto cumque sunt. Consequatur cupiditate eaque qui. Illo modi laboriosam temporibus commodi iure ut.', '2014-08-29 23:39:19');
INSERT INTO `messages` (`id`, `from_user_id`, `to_user_id`, `body`, `created_at`) VALUES ('38', '262', '262', 'Rerum ad beatae officiis nulla deserunt ut dicta. Iste id magni autem aliquam quia non aut a. Omnis voluptas aperiam maiores fugiat laudantium.', '1972-08-13 07:40:35');
INSERT INTO `messages` (`id`, `from_user_id`, `to_user_id`, `body`, `created_at`) VALUES ('39', '263', '263', 'Vel nisi voluptas libero laboriosam temporibus repellat debitis. Quam quis quia et voluptatibus exercitationem dicta adipisci. Eum omnis quo excepturi pariatur.', '2002-02-19 11:42:20');
INSERT INTO `messages` (`id`, `from_user_id`, `to_user_id`, `body`, `created_at`) VALUES ('40', '265', '265', 'Perferendis autem natus ea. Sit adipisci dolor excepturi architecto facere quo. Quasi accusantium temporibus delectus iusto minima distinctio. Dignissimos est molestias magni non repudiandae deleniti.', '1972-11-17 01:00:28');
INSERT INTO `messages` (`id`, `from_user_id`, `to_user_id`, `body`, `created_at`) VALUES ('41', '267', '267', 'Dolorem qui temporibus debitis dolorum fuga. Voluptatem excepturi et perspiciatis eum et optio. Enim mollitia officiis id nihil temporibus.', '2014-12-23 15:14:32');
INSERT INTO `messages` (`id`, `from_user_id`, `to_user_id`, `body`, `created_at`) VALUES ('42', '270', '270', 'Ut tenetur blanditiis quis reprehenderit sit. Error aut facilis qui saepe quas. Eos perferendis voluptate non voluptates sunt quia. Placeat eveniet ipsam et quo ipsam sunt dignissimos.', '2003-03-11 03:33:45');
INSERT INTO `messages` (`id`, `from_user_id`, `to_user_id`, `body`, `created_at`) VALUES ('43', '271', '271', 'Quia maxime aut expedita. Aut aut praesentium eligendi tempore suscipit. Error perferendis qui aperiam quibusdam.', '1979-02-28 12:34:21');
INSERT INTO `messages` (`id`, `from_user_id`, `to_user_id`, `body`, `created_at`) VALUES ('44', '272', '272', 'Aut ratione et corrupti facere. Accusamus aspernatur maiores nemo. Sed quasi pariatur id cupiditate magni nihil. Modi dolor quia ullam molestiae sapiente.', '2019-06-29 05:48:49');
INSERT INTO `messages` (`id`, `from_user_id`, `to_user_id`, `body`, `created_at`) VALUES ('45', '279', '279', 'Dolorum ut voluptatibus qui numquam. Quo blanditiis necessitatibus vitae earum dolores assumenda. Quod est nihil ab ullam et.', '1976-12-20 12:50:54');
INSERT INTO `messages` (`id`, `from_user_id`, `to_user_id`, `body`, `created_at`) VALUES ('46', '280', '280', 'Illum temporibus placeat in adipisci nostrum porro eum. Magni iusto velit non. Odit eos illum in autem.', '1984-01-31 01:37:23');
INSERT INTO `messages` (`id`, `from_user_id`, `to_user_id`, `body`, `created_at`) VALUES ('47', '281', '281', 'Ut quia quia minus enim et dolores. Et maiores sed ipsum aspernatur voluptas porro enim.', '1997-02-27 17:19:05');
INSERT INTO `messages` (`id`, `from_user_id`, `to_user_id`, `body`, `created_at`) VALUES ('48', '282', '282', 'Ut vel soluta rerum nihil voluptas sit saepe laborum. Ex ea accusamus vel. Dolorem omnis et qui distinctio quia tenetur. Aliquam corporis nemo voluptatem ipsum quos.', '2019-10-08 17:12:47');
INSERT INTO `messages` (`id`, `from_user_id`, `to_user_id`, `body`, `created_at`) VALUES ('49', '283', '283', 'Necessitatibus sint provident ut et nisi et. Et recusandae distinctio eos qui rerum odio nemo sit.', '1999-07-07 03:08:22');
INSERT INTO `messages` (`id`, `from_user_id`, `to_user_id`, `body`, `created_at`) VALUES ('50', '284', '284', 'Magnam et nam dolor. Occaecati unde aut laborum expedita. Qui aliquid et aliquid et tempore ipsa. Officiis error ut rerum minus dolorem.', '1980-11-11 07:53:49');
INSERT INTO `messages` (`id`, `from_user_id`, `to_user_id`, `body`, `created_at`) VALUES ('51', '285', '285', 'Quia cum ducimus sed error commodi. Vero quos qui qui itaque aliquam natus. Qui sint quidem non ducimus est enim occaecati.', '2012-10-13 08:21:29');
INSERT INTO `messages` (`id`, `from_user_id`, `to_user_id`, `body`, `created_at`) VALUES ('52', '288', '288', 'Quasi culpa est quia. Consequatur id consectetur eum rerum culpa.', '1992-09-06 23:34:40');
INSERT INTO `messages` (`id`, `from_user_id`, `to_user_id`, `body`, `created_at`) VALUES ('53', '289', '289', 'Est ducimus dolorum qui est. Corrupti tenetur aliquam sed rem quis. Ut rerum alias exercitationem explicabo.', '1976-12-15 08:46:52');
INSERT INTO `messages` (`id`, `from_user_id`, `to_user_id`, `body`, `created_at`) VALUES ('54', '290', '290', 'Eveniet quis ut voluptatem modi facilis qui aut. Consequuntur nihil nihil ut qui consectetur nulla expedita. Autem fuga nobis laboriosam eos.', '2006-01-15 00:57:27');
INSERT INTO `messages` (`id`, `from_user_id`, `to_user_id`, `body`, `created_at`) VALUES ('55', '291', '291', 'Possimus ullam sed dolore qui dolor. Voluptas vitae veniam est sint. Dicta a adipisci temporibus ut fuga.', '2019-07-03 11:12:49');
INSERT INTO `messages` (`id`, `from_user_id`, `to_user_id`, `body`, `created_at`) VALUES ('56', '292', '292', 'Quis ea rem minima eos corrupti natus est. Quia dolorem id quibusdam. Vel officiis eveniet id omnis sunt natus modi qui.', '1993-02-28 04:28:12');
INSERT INTO `messages` (`id`, `from_user_id`, `to_user_id`, `body`, `created_at`) VALUES ('57', '296', '296', 'Ut enim dolorem eos quae quasi fuga velit. Et vitae autem excepturi dolorum. Deleniti temporibus debitis nihil porro sunt quia ex numquam. Provident tenetur ut est praesentium nihil harum.', '1985-11-02 00:14:56');
INSERT INTO `messages` (`id`, `from_user_id`, `to_user_id`, `body`, `created_at`) VALUES ('58', '298', '298', 'Rerum doloremque culpa commodi iste velit magni. Iste et tenetur ut perferendis itaque perferendis harum natus. Aut illum ut ipsa non dignissimos.', '1977-09-28 12:12:18');
INSERT INTO `messages` (`id`, `from_user_id`, `to_user_id`, `body`, `created_at`) VALUES ('59', '299', '299', 'Amet dolores eos quibusdam consequatur. Laboriosam dolore aut eum nesciunt error consequatur modi quo. Quia voluptas non voluptas quia non.', '2017-09-15 04:09:16');
INSERT INTO `messages` (`id`, `from_user_id`, `to_user_id`, `body`, `created_at`) VALUES ('60', '300', '300', 'Deserunt nesciunt ea dolor earum reprehenderit velit nihil. Voluptatem vel consequuntur voluptatem earum doloremque ut quam. Sequi soluta quidem voluptatum enim.', '1993-11-26 08:28:48');
INSERT INTO `messages` (`id`, `from_user_id`, `to_user_id`, `body`, `created_at`) VALUES ('61', '301', '301', 'Aliquid architecto ea ex aut. Accusamus non ducimus voluptatibus et. Iste dolore ipsum explicabo delectus et quia non. Beatae sit quia totam minima.', '2016-01-18 07:34:13');
INSERT INTO `messages` (`id`, `from_user_id`, `to_user_id`, `body`, `created_at`) VALUES ('62', '302', '302', 'Earum consequatur deleniti voluptas. Sunt dolor similique numquam eos rerum reprehenderit. Est pariatur sed ab ipsam et dolorem odio at. Labore consequatur tenetur eum et et.', '2011-10-30 01:21:01');
INSERT INTO `messages` (`id`, `from_user_id`, `to_user_id`, `body`, `created_at`) VALUES ('63', '303', '303', 'Quo quidem iste consequatur incidunt quia exercitationem praesentium. Iste praesentium quod aut ut fugiat. Accusantium libero et quasi eligendi.', '2019-10-08 15:38:25');
INSERT INTO `messages` (`id`, `from_user_id`, `to_user_id`, `body`, `created_at`) VALUES ('64', '304', '304', 'Omnis hic est molestias expedita dolores. Quaerat molestias dolorum aut sit molestiae rerum. Aspernatur velit vero assumenda. Ut numquam cum et iusto ut doloremque.', '1988-01-24 12:02:52');
INSERT INTO `messages` (`id`, `from_user_id`, `to_user_id`, `body`, `created_at`) VALUES ('65', '309', '309', 'At dolorum et nihil velit. Placeat rerum est sit optio. Neque quasi non voluptatem quia magni rem.', '2003-07-09 15:42:50');
INSERT INTO `messages` (`id`, `from_user_id`, `to_user_id`, `body`, `created_at`) VALUES ('66', '310', '310', 'Et at ab tempore neque. Et voluptas consequuntur aut. Eveniet dolorem fugiat alias iusto. Rerum temporibus voluptate sapiente qui tempore sit eos.', '1978-07-01 16:51:36');
INSERT INTO `messages` (`id`, `from_user_id`, `to_user_id`, `body`, `created_at`) VALUES ('67', '313', '313', 'Quas temporibus molestiae cum similique quia dolor. Et omnis id ad sed libero molestias. Ut molestiae fugit sit reprehenderit consequuntur voluptatibus. Aut veniam delectus voluptatem similique libero veniam qui. Reiciendis omnis officiis repellendus aspernatur velit magni quia.', '2016-10-25 02:38:28');
INSERT INTO `messages` (`id`, `from_user_id`, `to_user_id`, `body`, `created_at`) VALUES ('68', '314', '314', 'Sit autem et in. Et eos alias expedita. Sunt cum similique inventore rem necessitatibus. A fugiat temporibus quia autem laboriosam.', '2016-10-20 18:06:49');
INSERT INTO `messages` (`id`, `from_user_id`, `to_user_id`, `body`, `created_at`) VALUES ('69', '315', '315', 'Quam vero doloremque voluptas ullam nam fugiat dolorem. Aperiam eos qui ipsum non iure laborum. Natus dolor necessitatibus velit et qui repellat. Cum aut ut repellat iusto nemo veritatis nemo.', '1981-12-30 18:50:59');
INSERT INTO `messages` (`id`, `from_user_id`, `to_user_id`, `body`, `created_at`) VALUES ('70', '320', '320', 'Aut eaque velit nisi est. Perspiciatis nihil neque ut id ea incidunt sequi. Ut dolores repellendus et et blanditiis consequatur.', '1974-09-28 06:27:12');
INSERT INTO `messages` (`id`, `from_user_id`, `to_user_id`, `body`, `created_at`) VALUES ('71', '321', '321', 'Nam aut commodi ratione reiciendis dolor. Omnis debitis repellat ut voluptas praesentium. Aspernatur aperiam recusandae quas aut nostrum iure sapiente.', '1970-11-30 01:12:20');
INSERT INTO `messages` (`id`, `from_user_id`, `to_user_id`, `body`, `created_at`) VALUES ('72', '322', '322', 'Culpa laudantium sunt quia quasi aut. Quam numquam natus voluptatem dolore est quia consequatur. Repellendus consequuntur sequi saepe repellat quia. Quo nobis et voluptates in.', '1986-11-07 11:01:48');
INSERT INTO `messages` (`id`, `from_user_id`, `to_user_id`, `body`, `created_at`) VALUES ('73', '324', '324', 'Perferendis officiis ut dolores magni corporis. Aut animi perspiciatis omnis velit aut odit. Dolores eos in aperiam impedit.', '2014-09-10 17:27:59');
INSERT INTO `messages` (`id`, `from_user_id`, `to_user_id`, `body`, `created_at`) VALUES ('74', '325', '325', 'Ab recusandae maxime velit sit amet. Rerum id et velit expedita fuga unde vel. Voluptatum dolorem non in perferendis tempore et. Et laboriosam et dicta possimus qui aut.', '1974-06-25 21:58:31');
INSERT INTO `messages` (`id`, `from_user_id`, `to_user_id`, `body`, `created_at`) VALUES ('75', '326', '326', 'Eaque maxime qui molestias aut molestiae dolorem. Sit aperiam soluta sequi aliquam.', '1985-02-23 17:25:30');
INSERT INTO `messages` (`id`, `from_user_id`, `to_user_id`, `body`, `created_at`) VALUES ('76', '327', '327', 'Veritatis amet omnis ex laudantium veritatis molestiae in. Mollitia quia libero quia esse inventore qui. Aperiam suscipit quae voluptate cumque quia nisi ea. Corporis dolor quidem id sunt velit numquam. Tenetur vel quis ipsum laudantium.', '1976-10-19 16:32:06');
INSERT INTO `messages` (`id`, `from_user_id`, `to_user_id`, `body`, `created_at`) VALUES ('77', '328', '328', 'Molestias dolor magnam cupiditate. Commodi sed et ut eos. Laudantium aliquid ipsa ratione blanditiis voluptatem et dicta. Consequatur adipisci et doloribus molestiae et consequatur a autem.', '2002-07-24 00:04:50');
INSERT INTO `messages` (`id`, `from_user_id`, `to_user_id`, `body`, `created_at`) VALUES ('78', '329', '329', 'Voluptate et eos veniam porro qui sunt. Alias nihil autem ipsam quia numquam magni animi debitis.', '1997-02-02 22:32:35');
INSERT INTO `messages` (`id`, `from_user_id`, `to_user_id`, `body`, `created_at`) VALUES ('79', '330', '330', 'Reiciendis sed ipsa dolor aspernatur odio quas. Corporis ut qui sint voluptatem ut adipisci. Vel harum qui ut ut suscipit laborum necessitatibus. Facilis distinctio dolores fugit.', '2007-03-07 00:16:18');
INSERT INTO `messages` (`id`, `from_user_id`, `to_user_id`, `body`, `created_at`) VALUES ('80', '334', '334', 'Excepturi labore dolorem labore occaecati voluptatem ut. Eos cum repellendus suscipit nihil voluptatum et atque. Iure in illo ea aut et ipsum quae. Debitis adipisci sunt quod quibusdam quis pariatur et iusto.', '1992-05-26 08:06:00');
INSERT INTO `messages` (`id`, `from_user_id`, `to_user_id`, `body`, `created_at`) VALUES ('81', '335', '335', 'Rerum cumque ex nostrum ut modi dignissimos omnis sed. Omnis earum illo voluptas. Qui molestias quaerat quia nulla. Aut odit neque cum et.', '2004-05-15 14:55:40');
INSERT INTO `messages` (`id`, `from_user_id`, `to_user_id`, `body`, `created_at`) VALUES ('82', '336', '336', 'Voluptas rerum quia fuga. Quia qui ut aperiam ea illum rerum. Nemo est commodi autem sit et sunt. Id accusantium explicabo quia nesciunt veritatis totam est.', '1997-01-05 06:17:47');
INSERT INTO `messages` (`id`, `from_user_id`, `to_user_id`, `body`, `created_at`) VALUES ('83', '337', '337', 'Molestias natus accusantium non ea quas eveniet. Dolor distinctio fugit nam. Aperiam aut consequatur ipsam in eligendi eveniet porro et.', '1986-08-20 15:20:00');
INSERT INTO `messages` (`id`, `from_user_id`, `to_user_id`, `body`, `created_at`) VALUES ('84', '340', '340', 'In animi sint non. Qui et eveniet recusandae accusamus atque doloribus ea. Ea quas qui aut fugiat quia dicta ut.', '2006-02-01 17:50:14');
INSERT INTO `messages` (`id`, `from_user_id`, `to_user_id`, `body`, `created_at`) VALUES ('85', '341', '341', 'Modi cupiditate quia dolor similique nostrum est. Nihil a nisi quos rerum aut. Recusandae et et tempore quia unde voluptatibus. Vel quia provident reiciendis repudiandae ad sunt illum.', '2017-02-19 01:40:26');
INSERT INTO `messages` (`id`, `from_user_id`, `to_user_id`, `body`, `created_at`) VALUES ('86', '342', '342', 'Officiis eius voluptatem qui consequatur reiciendis. Commodi non tempora ipsam quae iste rerum. Ab earum assumenda harum amet ut eos. Omnis aut voluptatem quos est quibusdam.', '1970-03-24 06:21:15');
INSERT INTO `messages` (`id`, `from_user_id`, `to_user_id`, `body`, `created_at`) VALUES ('87', '345', '345', 'Sed qui officia nesciunt architecto corporis temporibus illo. Aut eum earum doloribus. Labore recusandae deserunt nemo.', '1971-09-23 06:06:31');
INSERT INTO `messages` (`id`, `from_user_id`, `to_user_id`, `body`, `created_at`) VALUES ('88', '346', '346', 'At omnis omnis soluta vel molestiae consequatur. Accusantium eum at earum voluptatem. Consequatur cupiditate perferendis odio ipsa deleniti qui ea. Hic quia et ut.', '1971-02-17 13:31:05');
INSERT INTO `messages` (`id`, `from_user_id`, `to_user_id`, `body`, `created_at`) VALUES ('89', '348', '348', 'Asperiores asperiores delectus qui autem natus aperiam. Vero non quis voluptatem est. Architecto ducimus neque id et dolores.', '2000-03-20 05:50:07');
INSERT INTO `messages` (`id`, `from_user_id`, `to_user_id`, `body`, `created_at`) VALUES ('90', '349', '349', 'Quaerat ad et nemo illum rerum ex repellat. Enim et repudiandae aut voluptas saepe laudantium. Non maxime suscipit voluptatem blanditiis eius odit harum harum. Adipisci molestiae dolorem eius earum vel at.', '1978-06-04 10:46:47');
INSERT INTO `messages` (`id`, `from_user_id`, `to_user_id`, `body`, `created_at`) VALUES ('91', '351', '351', 'Voluptas vitae et adipisci commodi. Nostrum ea corporis deleniti id est quia. Asperiores porro iusto repudiandae est voluptas. Possimus voluptas sit culpa veniam quasi.', '1987-03-25 01:25:07');
INSERT INTO `messages` (`id`, `from_user_id`, `to_user_id`, `body`, `created_at`) VALUES ('92', '354', '354', 'Harum magnam exercitationem distinctio velit consequatur aut. Neque quisquam qui enim officia. Id voluptate unde asperiores eligendi magni doloremque suscipit ipsam.', '1973-12-19 16:10:22');
INSERT INTO `messages` (`id`, `from_user_id`, `to_user_id`, `body`, `created_at`) VALUES ('93', '356', '356', 'Assumenda dolorum aspernatur aliquid tempore eius quos minima. Provident voluptas officiis placeat et. Inventore qui consequuntur ad nulla.', '2000-04-05 02:24:31');
INSERT INTO `messages` (`id`, `from_user_id`, `to_user_id`, `body`, `created_at`) VALUES ('94', '361', '361', 'Est modi totam accusamus consectetur pariatur. Ut accusamus nisi vitae optio voluptatum provident. Deleniti officia sapiente distinctio inventore iste facere.', '2002-02-27 05:26:12');
INSERT INTO `messages` (`id`, `from_user_id`, `to_user_id`, `body`, `created_at`) VALUES ('95', '363', '363', 'Sequi nam aut rerum consequatur. Occaecati ex dolorem ea. Eos rem minima omnis esse harum quas odio. Autem adipisci voluptates qui corporis id quidem sunt a. Enim sit exercitationem voluptatum recusandae.', '1985-05-12 08:08:16');
INSERT INTO `messages` (`id`, `from_user_id`, `to_user_id`, `body`, `created_at`) VALUES ('96', '371', '371', 'Corrupti eos quasi ut earum. Quo iste aut perspiciatis eos vero. Reiciendis et illo distinctio hic quis velit reprehenderit. Optio rerum voluptatibus est est ea. Id nulla eum quibusdam.', '1997-11-12 01:30:13');
INSERT INTO `messages` (`id`, `from_user_id`, `to_user_id`, `body`, `created_at`) VALUES ('97', '372', '372', 'Qui temporibus incidunt qui voluptatem. Ipsa vel aut ullam rerum aut nihil. Aut architecto ad harum ullam quia ipsam quia sunt. Occaecati ab et dolorem accusantium voluptatibus.', '1992-08-15 17:48:32');
INSERT INTO `messages` (`id`, `from_user_id`, `to_user_id`, `body`, `created_at`) VALUES ('98', '373', '373', 'Ratione consequuntur dolorem voluptatem repellat eveniet totam. Voluptate necessitatibus laboriosam perspiciatis consequuntur dolores sed. Provident sunt dolore quis porro.', '1991-06-14 16:04:47');
INSERT INTO `messages` (`id`, `from_user_id`, `to_user_id`, `body`, `created_at`) VALUES ('99', '374', '374', 'Eum molestiae aliquam rem aperiam ut et. Tempora accusamus omnis iure inventore earum. Voluptatibus aut quia consequuntur eaque aliquid eius et.', '2007-12-24 21:46:50');
INSERT INTO `messages` (`id`, `from_user_id`, `to_user_id`, `body`, `created_at`) VALUES ('100', '375', '375', 'Ut ratione ut autem mollitia maiores. Sint dolor omnis qui nulla. Consectetur dolorum eaque ea tempora inventore sunt. Qui earum blanditiis voluptatibus error et voluptates aut.', '1975-08-18 00:16:28');


INSERT INTO `likes_messages` (`id`, `user_id`, `message_id`, `created_at`) VALUES ('1', '201', '1', '1984-09-07 01:57:37');
INSERT INTO `likes_messages` (`id`, `user_id`, `message_id`, `created_at`) VALUES ('2', '202', '2', '2006-12-09 02:34:15');
INSERT INTO `likes_messages` (`id`, `user_id`, `message_id`, `created_at`) VALUES ('3', '204', '3', '2011-06-16 21:22:10');
INSERT INTO `likes_messages` (`id`, `user_id`, `message_id`, `created_at`) VALUES ('4', '205', '4', '1988-09-06 04:30:20');
INSERT INTO `likes_messages` (`id`, `user_id`, `message_id`, `created_at`) VALUES ('5', '206', '5', '2004-10-17 19:20:45');
INSERT INTO `likes_messages` (`id`, `user_id`, `message_id`, `created_at`) VALUES ('6', '209', '6', '2006-07-27 11:07:50');
INSERT INTO `likes_messages` (`id`, `user_id`, `message_id`, `created_at`) VALUES ('7', '211', '7', '1987-03-05 00:39:04');
INSERT INTO `likes_messages` (`id`, `user_id`, `message_id`, `created_at`) VALUES ('8', '213', '8', '1980-06-05 19:06:27');
INSERT INTO `likes_messages` (`id`, `user_id`, `message_id`, `created_at`) VALUES ('9', '214', '9', '1990-07-21 11:10:54');
INSERT INTO `likes_messages` (`id`, `user_id`, `message_id`, `created_at`) VALUES ('10', '216', '10', '1970-09-05 09:54:31');
INSERT INTO `likes_messages` (`id`, `user_id`, `message_id`, `created_at`) VALUES ('11', '217', '11', '2001-03-08 05:25:43');
INSERT INTO `likes_messages` (`id`, `user_id`, `message_id`, `created_at`) VALUES ('12', '218', '12', '1993-01-23 03:28:59');
INSERT INTO `likes_messages` (`id`, `user_id`, `message_id`, `created_at`) VALUES ('13', '219', '13', '1978-02-08 18:30:13');
INSERT INTO `likes_messages` (`id`, `user_id`, `message_id`, `created_at`) VALUES ('14', '221', '14', '2001-03-02 01:16:08');
INSERT INTO `likes_messages` (`id`, `user_id`, `message_id`, `created_at`) VALUES ('15', '222', '15', '2010-07-28 18:13:45');
INSERT INTO `likes_messages` (`id`, `user_id`, `message_id`, `created_at`) VALUES ('16', '223', '16', '1979-04-23 21:28:12');
INSERT INTO `likes_messages` (`id`, `user_id`, `message_id`, `created_at`) VALUES ('17', '226', '17', '2015-01-27 03:03:39');
INSERT INTO `likes_messages` (`id`, `user_id`, `message_id`, `created_at`) VALUES ('18', '227', '18', '2010-11-03 09:42:00');
INSERT INTO `likes_messages` (`id`, `user_id`, `message_id`, `created_at`) VALUES ('19', '228', '19', '1981-12-31 08:06:22');
INSERT INTO `likes_messages` (`id`, `user_id`, `message_id`, `created_at`) VALUES ('20', '230', '20', '2018-03-03 14:56:28');
INSERT INTO `likes_messages` (`id`, `user_id`, `message_id`, `created_at`) VALUES ('21', '231', '21', '1979-01-07 16:11:02');
INSERT INTO `likes_messages` (`id`, `user_id`, `message_id`, `created_at`) VALUES ('22', '232', '22', '1978-06-07 15:25:32');
INSERT INTO `likes_messages` (`id`, `user_id`, `message_id`, `created_at`) VALUES ('23', '233', '23', '2016-06-22 09:20:22');
INSERT INTO `likes_messages` (`id`, `user_id`, `message_id`, `created_at`) VALUES ('24', '237', '24', '1972-10-13 18:59:29');
INSERT INTO `likes_messages` (`id`, `user_id`, `message_id`, `created_at`) VALUES ('25', '238', '25', '2008-11-18 13:22:33');
INSERT INTO `likes_messages` (`id`, `user_id`, `message_id`, `created_at`) VALUES ('26', '240', '26', '1998-02-19 03:31:09');
INSERT INTO `likes_messages` (`id`, `user_id`, `message_id`, `created_at`) VALUES ('27', '241', '27', '1972-03-17 16:47:19');
INSERT INTO `likes_messages` (`id`, `user_id`, `message_id`, `created_at`) VALUES ('28', '242', '28', '2019-09-24 03:00:21');
INSERT INTO `likes_messages` (`id`, `user_id`, `message_id`, `created_at`) VALUES ('29', '243', '29', '1980-06-18 13:46:16');
INSERT INTO `likes_messages` (`id`, `user_id`, `message_id`, `created_at`) VALUES ('30', '246', '30', '2005-11-10 11:59:50');
INSERT INTO `likes_messages` (`id`, `user_id`, `message_id`, `created_at`) VALUES ('31', '247', '31', '1999-02-03 21:29:37');
INSERT INTO `likes_messages` (`id`, `user_id`, `message_id`, `created_at`) VALUES ('32', '251', '32', '2016-03-13 23:43:21');
INSERT INTO `likes_messages` (`id`, `user_id`, `message_id`, `created_at`) VALUES ('33', '252', '33', '1985-02-09 09:15:05');
INSERT INTO `likes_messages` (`id`, `user_id`, `message_id`, `created_at`) VALUES ('34', '255', '34', '2015-02-06 13:17:55');
INSERT INTO `likes_messages` (`id`, `user_id`, `message_id`, `created_at`) VALUES ('35', '256', '35', '1983-10-01 12:41:48');

INSERT INTO users VALUES
('5', 'Reuben', 'Nienow', 'arlo515@example.org', NULL, 748252),
('6', 'Reuben', 'Nienow', 'arlo516@example.org', NULL, 6599),
('7', 'Reuben', 'Nienow', 'arlo517@example.org', NULL, 588),
('8', 'Reuben', 'Nienow', 'arlo518@example.org', NULL, 1142)
;

INSERT INTO users
SET
	firstname = 'Борис',
	lastname = 'ХренПопадешь',
	email = 'ivan@mail.ru',
	phone = '987654321'
;

INSERT INTO `users` 
	(`id`, `firstname`, `lastname`, `email`, `phone`) 
select 
 	`id`, `firstname`, `lastname`, `email`, `phone`
from vk.users
where id = 100
;

SELECT distinct firstname, lastname
FROM users;

SELECT *
FROM users
LIMIT 1 offset 5;

SELECT *
FROM users
WHERE id = 5 OR firstname = 'Борис';

SELECT *
FROM users
WHERE id IN (1,2,30,202);

UPDATE friend_requests
SET 
	status = 'declined'
WHERE
	initiator_user_id = 202 or target_user_id = 202
;

delete from messages
where from_user_id = 258
;

-- truncate table media_types;

